--
-- PostgreSQL database dump
--

-- Dumped from database version 9.5.19
-- Dumped by pg_dump version 11.5 (Ubuntu 11.5-1.pgdg16.04+1)

SET statement_timeout = 0;
SET lock_timeout = 0;
SET idle_in_transaction_session_timeout = 0;
SET client_encoding = 'UTF8';
SET standard_conforming_strings = on;
SELECT pg_catalog.set_config('search_path', '', false);
SET check_function_bodies = false;
SET xmloption = content;
SET client_min_messages = warning;
SET row_security = off;

--
-- Name: enum_trainStatuses_isRunning; Type: TYPE; Schema: public; Owner: saucr16
--

CREATE TYPE public."enum_trainStatuses_isRunning" AS ENUM (
    'false',
    'true',
    'scheduled'
);


ALTER TYPE public."enum_trainStatuses_isRunning" OWNER TO saucr16;

SET default_tablespace = '';

SET default_with_oids = false;

--
-- Name: SequelizeMeta; Type: TABLE; Schema: public; Owner: saucr16
--

CREATE TABLE public."SequelizeMeta" (
    name character varying(255) NOT NULL
);


ALTER TABLE public."SequelizeMeta" OWNER TO saucr16;

--
-- Name: cities; Type: TABLE; Schema: public; Owner: saucr16
--

CREATE TABLE public.cities (
    id uuid NOT NULL,
    name character varying(255),
    "createdAt" timestamp with time zone NOT NULL,
    "updatedAt" timestamp with time zone NOT NULL
);


ALTER TABLE public.cities OWNER TO saucr16;

--
-- Name: offices; Type: TABLE; Schema: public; Owner: saucr16
--

CREATE TABLE public.offices (
    id uuid NOT NULL,
    "userId" uuid NOT NULL,
    "cityId" uuid NOT NULL,
    "isActive" boolean DEFAULT true,
    "createdAt" timestamp with time zone NOT NULL,
    "updatedAt" timestamp with time zone NOT NULL
);


ALTER TABLE public.offices OWNER TO saucr16;

--
-- Name: packages; Type: TABLE; Schema: public; Owner: saucr16
--

CREATE TABLE public.packages (
    id uuid NOT NULL,
    serial_no integer NOT NULL,
    "senderUserId" uuid NOT NULL,
    "rcvrUserId" uuid NOT NULL,
    weight double precision,
    name character varying(255),
    "sCity" uuid NOT NULL,
    "dCity" uuid NOT NULL,
    "trainId" uuid,
    "statusId" uuid NOT NULL,
    "sCityTrainStatusId" uuid,
    "dCityTrainStatusId" uuid,
    "isActive" boolean DEFAULT true,
    "createdAt" timestamp with time zone NOT NULL,
    "updatedAt" timestamp with time zone NOT NULL
);


ALTER TABLE public.packages OWNER TO saucr16;

--
-- Name: packages_serial_no_seq; Type: SEQUENCE; Schema: public; Owner: saucr16
--

CREATE SEQUENCE public.packages_serial_no_seq
    START WITH 1
    INCREMENT BY 1
    NO MINVALUE
    NO MAXVALUE
    CACHE 1;


ALTER TABLE public.packages_serial_no_seq OWNER TO saucr16;

--
-- Name: packages_serial_no_seq; Type: SEQUENCE OWNED BY; Schema: public; Owner: saucr16
--

ALTER SEQUENCE public.packages_serial_no_seq OWNED BY public.packages.serial_no;


--
-- Name: receipts; Type: TABLE; Schema: public; Owner: saucr16
--

CREATE TABLE public.receipts (
    id uuid NOT NULL,
    "transactionId" character varying(255) NOT NULL,
    "packageId" uuid NOT NULL,
    "totalAmount" double precision NOT NULL,
    "isSuccess" boolean DEFAULT false,
    "isActive" boolean DEFAULT true,
    "createdAt" timestamp with time zone NOT NULL,
    "updatedAt" timestamp with time zone NOT NULL,
    "userId" uuid
);


ALTER TABLE public.receipts OWNER TO saucr16;

--
-- Name: roleAssigns; Type: TABLE; Schema: public; Owner: saucr16
--

CREATE TABLE public."roleAssigns" (
    id uuid NOT NULL,
    "userId" uuid NOT NULL,
    "roleId" uuid NOT NULL,
    "isActive" boolean DEFAULT true,
    "createdAt" timestamp with time zone NOT NULL,
    "updatedAt" timestamp with time zone NOT NULL
);


ALTER TABLE public."roleAssigns" OWNER TO saucr16;

--
-- Name: roles; Type: TABLE; Schema: public; Owner: saucr16
--

CREATE TABLE public.roles (
    id uuid NOT NULL,
    name character varying(255),
    level integer,
    "createdAt" timestamp with time zone NOT NULL,
    "updatedAt" timestamp with time zone NOT NULL
);


ALTER TABLE public.roles OWNER TO saucr16;

--
-- Name: statuses; Type: TABLE; Schema: public; Owner: saucr16
--

CREATE TABLE public.statuses (
    id uuid NOT NULL,
    type character varying(255),
    "createdAt" timestamp with time zone NOT NULL,
    "updatedAt" timestamp with time zone NOT NULL
);


ALTER TABLE public.statuses OWNER TO saucr16;

--
-- Name: trainStatuses; Type: TABLE; Schema: public; Owner: saucr16
--

CREATE TABLE public."trainStatuses" (
    id uuid NOT NULL,
    "trainId" uuid NOT NULL,
    "sCity" uuid NOT NULL,
    "dCity" uuid NOT NULL,
    "sTime" timestamp with time zone NOT NULL,
    "dTime" timestamp with time zone NOT NULL,
    "isRunning" boolean DEFAULT true,
    "createdAt" timestamp with time zone NOT NULL,
    "updatedAt" timestamp with time zone NOT NULL
);


ALTER TABLE public."trainStatuses" OWNER TO saucr16;

--
-- Name: trains; Type: TABLE; Schema: public; Owner: saucr16
--

CREATE TABLE public.trains (
    id uuid NOT NULL,
    "trainNo" integer NOT NULL,
    name character varying(255),
    "isActive" boolean DEFAULT true,
    "createdAt" timestamp with time zone NOT NULL,
    "updatedAt" timestamp with time zone NOT NULL
);


ALTER TABLE public.trains OWNER TO saucr16;

--
-- Name: users; Type: TABLE; Schema: public; Owner: saucr16
--

CREATE TABLE public.users (
    id uuid NOT NULL,
    name character varying(255) NOT NULL,
    email character varying(255),
    "mobileNo" bigint,
    password character varying(255),
    key character varying(255),
    "eKey" character varying(255),
    "isActive" boolean DEFAULT true,
    "createdAt" timestamp with time zone NOT NULL,
    "updatedAt" timestamp with time zone NOT NULL
);


ALTER TABLE public.users OWNER TO saucr16;

--
-- Name: packages serial_no; Type: DEFAULT; Schema: public; Owner: saucr16
--

ALTER TABLE ONLY public.packages ALTER COLUMN serial_no SET DEFAULT nextval('public.packages_serial_no_seq'::regclass);


--
-- Data for Name: SequelizeMeta; Type: TABLE DATA; Schema: public; Owner: saucr16
--

COPY public."SequelizeMeta" (name) FROM stdin;
20190821105813-create-city.js
20190821111433-create-train.js
20190821112743-create-status.js
20190821115448-create-role.js
20190821120519-create-user.js
20190821123555-create-role-assign.js
20190821134938-create-package.js
20190821165545-create-receipt.js
20190821172539-create-train-status.js
20190822084656-create-office.js
\.


--
-- Data for Name: cities; Type: TABLE DATA; Schema: public; Owner: saucr16
--

COPY public.cities (id, name, "createdAt", "updatedAt") FROM stdin;
55d58ee4-d94c-45bc-ac34-b7bf9358f75c	C SHIVAJI MAH T	2019-08-28 21:34:39.822+05:30	2019-08-28 21:34:39.822+05:30
a6e16b7d-f0f6-4f90-a5c0-2dd224f02646	DADAR	2019-08-28 21:34:39.869+05:30	2019-08-28 21:34:39.869+05:30
fb19ec0b-0933-4166-90b8-1839f1a2bae8	KALYAN JN	2019-08-28 21:34:39.889+05:30	2019-08-28 21:34:39.889+05:30
cff9ab82-404e-4368-a2b8-e95e239550d6	KARJAT	2019-08-28 21:34:39.905+05:30	2019-08-28 21:34:39.905+05:30
5342f1ef-bf93-4df0-b1b5-8d0e5f86019c	LONAVALA	2019-08-28 21:34:39.921+05:30	2019-08-28 21:34:39.921+05:30
a4a8eb27-2641-4739-a04c-8d28a7040a52	PUNE JN	2019-08-28 21:34:39.938+05:30	2019-08-28 21:34:39.938+05:30
8a55b013-710e-4396-8e11-3cf9a2ab57ac	URULI	2019-08-28 21:34:39.954+05:30	2019-08-28 21:34:39.954+05:30
fd4223e5-6481-4fd6-9d58-9b1a3874dba6	KEDGAON	2019-08-28 21:34:39.971+05:30	2019-08-28 21:34:39.971+05:30
bcf42d17-0484-4d84-aae0-fe80aecdf3c8	DAUND JN	2019-08-28 21:34:39.979+05:30	2019-08-28 21:34:39.979+05:30
3a93ac8e-fafe-434a-928a-ffbf178f4241	BHIGWAN	2019-08-28 21:34:39.987+05:30	2019-08-28 21:34:39.987+05:30
f4762903-53a6-41de-b7f2-f226e772fdb8	JEUR	2019-08-28 21:34:39.996+05:30	2019-08-28 21:34:39.996+05:30
5e1ce8aa-a69b-4c4b-ab81-7f29ba66a34e	KEM	2019-08-28 21:34:40.003+05:30	2019-08-28 21:34:40.003+05:30
0e55c273-f43d-4510-b969-133dbc350ea3	KURDUVADI	2019-08-28 21:34:40.012+05:30	2019-08-28 21:34:40.012+05:30
4fcde471-b888-4798-899e-5ffc38a248c9	SOLAPUR JN	2019-08-28 21:34:40.02+05:30	2019-08-28 21:34:40.02+05:30
00758704-00cc-4728-90f0-a017adc696bd	DUDHANI	2019-08-28 21:34:40.029+05:30	2019-08-28 21:34:40.029+05:30
d0f35280-a35f-48ed-a2e9-e0837e209265	SHAHABAD	2019-08-28 21:34:40.045+05:30	2019-08-28 21:34:40.045+05:30
592ec13f-277e-4a19-a025-c4e5e5423be6	WADI	2019-08-28 21:34:40.053+05:30	2019-08-28 21:34:40.053+05:30
6ac656a2-bab9-4ca5-bde7-62e812b18818	CHITTAPUR	2019-08-28 21:34:40.062+05:30	2019-08-28 21:34:40.062+05:30
0674ac5c-3f90-4353-9207-acb95c2d4686	MALKHAID ROAD	2019-08-28 21:34:40.07+05:30	2019-08-28 21:34:40.07+05:30
a6df6bf5-d401-452b-8491-d9db10825c26	SERAM	2019-08-28 21:34:40.079+05:30	2019-08-28 21:34:40.079+05:30
e8ce115c-58e8-4b8c-8fb0-e19a3ee35e1b	TANDUR	2019-08-28 21:34:40.087+05:30	2019-08-28 21:34:40.087+05:30
f753475e-2087-4a48-a5e6-84366061d44d	VIKARABAD JN	2019-08-28 21:34:40.096+05:30	2019-08-28 21:34:40.096+05:30
f9ca4063-6528-4db0-a918-e463d2959dc1	LINGAMPALLI	2019-08-28 21:34:40.104+05:30	2019-08-28 21:34:40.104+05:30
048d7684-22be-4c4b-9288-8f1dbc4a47ef	BEGAMPET	2019-08-28 21:34:40.112+05:30	2019-08-28 21:34:40.112+05:30
92ee104a-27c8-426d-96a4-53f845fb0991	HYDERABAD DECAN	2019-08-28 21:34:40.121+05:30	2019-08-28 21:34:40.121+05:30
ccbaae15-1b4a-4136-980b-d2252b878cde	NAGPUR	2019-08-28 21:36:04.292+05:30	2019-08-28 21:36:04.292+05:30
5ee2da1c-6a4a-4c9a-a2f2-8fa946f3c31b	AJNI	2019-08-28 21:36:04.331+05:30	2019-08-28 21:36:04.331+05:30
913aeb48-ef79-490a-8545-50108c9fc115	WARDHA JN	2019-08-28 21:36:04.345+05:30	2019-08-28 21:36:04.345+05:30
c1c1217d-f873-4459-aba6-f037c1d6a45f	PULGAON JN	2019-08-28 21:36:04.363+05:30	2019-08-28 21:36:04.363+05:30
4c96d494-2610-4546-9062-677a054ce906	DHAMANGAON	2019-08-28 21:36:04.378+05:30	2019-08-28 21:36:04.378+05:30
c866670d-2be3-4202-a498-de0c87843140	BADNERA JN	2019-08-28 21:36:04.396+05:30	2019-08-28 21:36:04.396+05:30
c69b6344-d65d-4ba1-9ffb-e464f0e94dac	AKOLA JN	2019-08-28 21:36:04.412+05:30	2019-08-28 21:36:04.412+05:30
92496e11-f96e-436c-99d5-c727488862c6	SHEGAON	2019-08-28 21:36:04.428+05:30	2019-08-28 21:36:04.428+05:30
3b869f23-d1c7-4868-b345-6bc702ebecd7	MALKAPUR	2019-08-28 21:36:04.447+05:30	2019-08-28 21:36:04.447+05:30
6192c99a-69de-4989-b810-b50a1aafd3ab	BHUSAVAL JN	2019-08-28 21:36:04.463+05:30	2019-08-28 21:36:04.463+05:30
80f01ae2-49ef-446b-9c93-f97d14cdfd0a	JALGAON JN	2019-08-28 21:36:04.479+05:30	2019-08-28 21:36:04.479+05:30
a7da2892-344e-45af-a0a5-917612d8bd3b	CHALISGAON JN	2019-08-28 21:36:04.495+05:30	2019-08-28 21:36:04.495+05:30
59ca5373-da52-4571-bf1e-8792722e3e9c	MANMAD JN	2019-08-28 21:36:04.512+05:30	2019-08-28 21:36:04.512+05:30
2bb0e4b8-27bd-41e2-9959-d91c31c6eb53	KOPARGAON	2019-08-28 21:36:04.529+05:30	2019-08-28 21:36:04.529+05:30
72f2af55-9b93-4f21-b53a-c705789532c6	BELAPUR	2019-08-28 21:36:04.547+05:30	2019-08-28 21:36:04.547+05:30
38769de3-f2af-4d8b-9804-9a9ea0b2ab15	AHMADNAGAR	2019-08-28 21:36:04.562+05:30	2019-08-28 21:36:04.562+05:30
c27459d3-a528-43d0-bc12-0e7bf02f6ae1	Lohgaon	2019-08-28 21:34:40.037+05:30	2019-08-28 21:34:40.037+05:30
ef6f0c41-6a68-4222-bfff-4d42f2f674c9	kanyakumari	2019-09-03 17:12:22.126+05:30	2019-09-03 17:12:22.126+05:30
eee0342a-5205-4097-932a-921c1cecf54c	DERADHUN	2019-09-03 17:13:33.143+05:30	2019-09-03 17:13:33.143+05:30
508ea3a0-e651-46f5-b153-0904703aec7f	GONDIA JN	2019-09-03 17:14:52.275+05:30	2019-09-03 17:14:52.275+05:30
d4271075-93e4-4324-aa7f-bc9e6624f28d	TIRORA	2019-09-03 17:15:05.4+05:30	2019-09-03 17:15:05.4+05:30
40c1dd1a-f0ee-4e4d-a0c6-17519b9b9bd5	RAMTEK	2019-09-03 17:15:39.148+05:30	2019-09-03 17:15:39.148+05:30
\.


--
-- Data for Name: offices; Type: TABLE DATA; Schema: public; Owner: saucr16
--

COPY public.offices (id, "userId", "cityId", "isActive", "createdAt", "updatedAt") FROM stdin;
e2085a38-0fb0-4034-801c-c8f77a0e1c72	4085925a-379b-48db-81fc-4f14cc2d9303	55d58ee4-d94c-45bc-ac34-b7bf9358f75c	t	2019-08-28 22:03:15.207+05:30	2019-08-28 22:03:31.592+05:30
0e9b6d13-72cf-441e-a5ee-268b269c4cc7	01b0cdc7-f056-4eed-ae27-d3a1dd4f8fb4	fb19ec0b-0933-4166-90b8-1839f1a2bae8	t	2019-08-28 22:03:26.053+05:30	2019-08-29 13:22:52.955+05:30
5e7742e9-273c-4a49-b0a2-54862cfdf380	a20e8b31-1a20-42e1-8845-5b3770732ed1	bcf42d17-0484-4d84-aae0-fe80aecdf3c8	t	2019-08-28 22:05:35.067+05:30	2019-08-29 13:41:55.419+05:30
caf8df26-3a2f-48a4-8db6-4901c3c39d2a	e36150f8-d370-46fb-b170-195329715214	bcf42d17-0484-4d84-aae0-fe80aecdf3c8	t	2019-08-29 13:42:58.586+05:30	2019-08-29 13:42:58.586+05:30
57e84e44-9b51-4c80-8ec2-57825ded1cfc	28409486-9cc7-4c66-8e26-0111e7ae936d	fb19ec0b-0933-4166-90b8-1839f1a2bae8	t	2019-08-29 14:50:53.442+05:30	2019-08-29 14:51:00.42+05:30
358c810c-a2d9-42a3-80e9-1bf1f1973600	6f59882c-cf1f-4388-87d3-d69dff06fbb2	38769de3-f2af-4d8b-9804-9a9ea0b2ab15	t	2019-08-29 15:08:09.803+05:30	2019-08-29 15:08:09.803+05:30
3ac8d010-d69d-4b87-b365-cf80e4da9162	5477f2d3-0e8e-46de-9f7b-67a7e2fd3fee	bcf42d17-0484-4d84-aae0-fe80aecdf3c8	t	2019-08-30 13:48:12.3+05:30	2019-08-30 14:14:30.565+05:30
e83f6f15-2950-47c0-98b1-fd9850722a60	029d212b-6f4d-4189-b51f-6a7a3f3f3049	5ee2da1c-6a4a-4c9a-a2f2-8fa946f3c31b	t	2019-09-03 17:55:13.034+05:30	2019-09-03 17:57:36.071+05:30
\.


--
-- Data for Name: packages; Type: TABLE DATA; Schema: public; Owner: saucr16
--

COPY public.packages (id, serial_no, "senderUserId", "rcvrUserId", weight, name, "sCity", "dCity", "trainId", "statusId", "sCityTrainStatusId", "dCityTrainStatusId", "isActive", "createdAt", "updatedAt") FROM stdin;
a8d44646-cec5-462b-ac94-cf8ca3646544	1	5477f2d3-0e8e-46de-9f7b-67a7e2fd3fee	009629b5-fa32-4368-8994-1f43ebc186c1	78	\N	fb19ec0b-0933-4166-90b8-1839f1a2bae8	55d58ee4-d94c-45bc-ac34-b7bf9358f75c	\N	59815810-9719-472b-9d1f-44c6e95832d2	\N	\N	t	2019-08-28 22:07:26.866+05:30	2019-08-28 22:07:50.587+05:30
eec4c1a2-ec5b-42cb-b14b-c3a4d4b0f23e	13	5477f2d3-0e8e-46de-9f7b-67a7e2fd3fee	2e1d3c89-adba-4a1a-acd7-46d68f8726db	67	\N	55d58ee4-d94c-45bc-ac34-b7bf9358f75c	55d58ee4-d94c-45bc-ac34-b7bf9358f75c	\N	59815810-9719-472b-9d1f-44c6e95832d2	\N	\N	t	2019-08-29 12:16:25.743+05:30	2019-08-29 12:21:11.009+05:30
10bb9eba-5ea4-4721-a5d5-a70525c27b4d	3	a20e8b31-1a20-42e1-8845-5b3770732ed1	ef5e2127-9c25-4e09-971b-af27912a3f23	12	\N	c69b6344-d65d-4ba1-9ffb-e464f0e94dac	a4a8eb27-2641-4739-a04c-8d28a7040a52	4d6a1a56-5eff-41cb-85cc-db68004738c6	d5c6fa9d-85b3-4e92-8b08-407c636301ee	894fe085-978d-4fe3-ab3c-97096eb064cc	7dce3083-d768-4abe-ae01-93f440b016c3	t	2019-08-28 22:27:59.242+05:30	2019-09-04 16:38:30.105+05:30
87de19fc-a78b-487c-aed6-f822d2a024b0	4	a20e8b31-1a20-42e1-8845-5b3770732ed1	bd686a86-669f-43e0-b5ca-3cb5932d45f8	78	\N	92496e11-f96e-436c-99d5-c727488862c6	a4a8eb27-2641-4739-a04c-8d28a7040a52	4d6a1a56-5eff-41cb-85cc-db68004738c6	d5c6fa9d-85b3-4e92-8b08-407c636301ee	d9e5fc34-c16f-4790-a7fd-a1a050ba2214	7dce3083-d768-4abe-ae01-93f440b016c3	t	2019-08-28 22:47:38.173+05:30	2019-09-04 16:38:30.129+05:30
892b29e8-b172-4e60-bcc8-a8477d970eea	17	5477f2d3-0e8e-46de-9f7b-67a7e2fd3fee	751ea802-a201-4032-a48c-a38106862768	67	\N	c69b6344-d65d-4ba1-9ffb-e464f0e94dac	6192c99a-69de-4989-b810-b50a1aafd3ab	\N	59815810-9719-472b-9d1f-44c6e95832d2	\N	\N	t	2019-08-29 12:51:38.525+05:30	2019-08-29 12:51:38.525+05:30
982e20ac-2c36-4c20-b601-b13196c3c990	18	5477f2d3-0e8e-46de-9f7b-67a7e2fd3fee	b21a6e9f-8cc2-4bba-a25b-3a29a712dde6	56	\N	5ee2da1c-6a4a-4c9a-a2f2-8fa946f3c31b	c866670d-2be3-4202-a498-de0c87843140	\N	59815810-9719-472b-9d1f-44c6e95832d2	\N	\N	t	2019-08-29 12:52:58.338+05:30	2019-08-29 12:52:58.338+05:30
240a6865-0d5a-4b66-93bf-4fc648c86541	28	a20e8b31-1a20-42e1-8845-5b3770732ed1	3ff09e98-3789-4e4c-a7aa-c66c73c9fb1d	1	\N	bcf42d17-0484-4d84-aae0-fe80aecdf3c8	92ee104a-27c8-426d-96a4-53f845fb0991	67648a9a-5ef8-4e37-b2f8-b3dbe6197ac4	d5c6fa9d-85b3-4e92-8b08-407c636301ee	61446fa4-15a4-471b-baee-befbefb334bc	451ec7ae-4eab-4b26-9857-9225bf3047b9	t	2019-08-29 13:46:16.559+05:30	2019-09-04 16:38:30.151+05:30
ab24e7f4-5019-440d-982a-b79e00320ddb	5	a20e8b31-1a20-42e1-8845-5b3770732ed1	cb64d011-41ef-407b-8768-876803046e53	69	\N	92496e11-f96e-436c-99d5-c727488862c6	a4a8eb27-2641-4739-a04c-8d28a7040a52	\N	59815810-9719-472b-9d1f-44c6e95832d2	\N	\N	t	2019-08-28 23:00:10.813+05:30	2019-08-28 23:00:10.813+05:30
39a41678-73a8-4cdf-b1bc-6df6226f73f7	6	a20e8b31-1a20-42e1-8845-5b3770732ed1	613572ff-2266-49fd-af17-20cf89344cba	89	\N	4fcde471-b888-4798-899e-5ffc38a248c9	a6e16b7d-f0f6-4f90-a5c0-2dd224f02646	\N	59815810-9719-472b-9d1f-44c6e95832d2	\N	\N	t	2019-08-28 23:01:01.452+05:30	2019-08-28 23:01:01.452+05:30
5ce8d272-efdd-4b41-a73e-fff08c6fb522	7	a20e8b31-1a20-42e1-8845-5b3770732ed1	f75fd3e9-102e-4d1d-af5e-2c0a08e08f78	15	\N	92496e11-f96e-436c-99d5-c727488862c6	55d58ee4-d94c-45bc-ac34-b7bf9358f75c	\N	59815810-9719-472b-9d1f-44c6e95832d2	\N	\N	t	2019-08-28 23:01:58.268+05:30	2019-08-28 23:01:58.268+05:30
59b30e21-076b-4d8a-9f18-cd6483c8ba1d	8	5477f2d3-0e8e-46de-9f7b-67a7e2fd3fee	5477f2d3-0e8e-46de-9f7b-67a7e2fd3fee	90	\N	55d58ee4-d94c-45bc-ac34-b7bf9358f75c	5342f1ef-bf93-4df0-b1b5-8d0e5f86019c	\N	59815810-9719-472b-9d1f-44c6e95832d2	\N	\N	t	2019-08-28 23:08:26.104+05:30	2019-08-28 23:08:26.104+05:30
33711316-8a67-4c8a-993a-5e021f5b5e3b	9	5477f2d3-0e8e-46de-9f7b-67a7e2fd3fee	5477f2d3-0e8e-46de-9f7b-67a7e2fd3fee	767	\N	55d58ee4-d94c-45bc-ac34-b7bf9358f75c	55d58ee4-d94c-45bc-ac34-b7bf9358f75c	\N	59815810-9719-472b-9d1f-44c6e95832d2	\N	\N	t	2019-08-28 23:11:10.92+05:30	2019-08-28 23:11:10.92+05:30
004038e2-358b-4dca-9f8a-e729f641965d	10	5477f2d3-0e8e-46de-9f7b-67a7e2fd3fee	1525a613-01e2-42e5-9e69-6b020a3c676d	899	\N	55d58ee4-d94c-45bc-ac34-b7bf9358f75c	55d58ee4-d94c-45bc-ac34-b7bf9358f75c	\N	59815810-9719-472b-9d1f-44c6e95832d2	\N	\N	t	2019-08-28 23:12:03.814+05:30	2019-08-28 23:12:03.814+05:30
a8900b37-08b4-4e21-9aa0-2b739edbb74b	19	5477f2d3-0e8e-46de-9f7b-67a7e2fd3fee	b0cc56d0-97d3-4810-afe7-eb3cacde2d1a	675	\N	c69b6344-d65d-4ba1-9ffb-e464f0e94dac	55d58ee4-d94c-45bc-ac34-b7bf9358f75c	\N	59815810-9719-472b-9d1f-44c6e95832d2	\N	\N	t	2019-08-29 12:56:13.386+05:30	2019-08-29 12:56:13.386+05:30
05f3cb28-6321-4abb-badb-cf26d3420d97	21	5477f2d3-0e8e-46de-9f7b-67a7e2fd3fee	b0cc56d0-97d3-4810-afe7-eb3cacde2d1a	675	\N	c69b6344-d65d-4ba1-9ffb-e464f0e94dac	55d58ee4-d94c-45bc-ac34-b7bf9358f75c	\N	59815810-9719-472b-9d1f-44c6e95832d2	\N	\N	t	2019-08-29 12:58:09.975+05:30	2019-08-29 12:58:09.975+05:30
a19563f5-1fdd-4de1-a1be-863c588def1a	11	5477f2d3-0e8e-46de-9f7b-67a7e2fd3fee	b6428883-2e23-4fa1-9d19-044c61991e45	444	\N	55d58ee4-d94c-45bc-ac34-b7bf9358f75c	55d58ee4-d94c-45bc-ac34-b7bf9358f75c	\N	59815810-9719-472b-9d1f-44c6e95832d2	\N	\N	t	2019-08-29 10:57:03.384+05:30	2019-08-29 11:07:44.502+05:30
711e4848-bbcb-411a-88d2-244c8254dc0a	15	28409486-9cc7-4c66-8e26-0111e7ae936d	a20e8b31-1a20-42e1-8845-5b3770732ed1	12	\N	fb19ec0b-0933-4166-90b8-1839f1a2bae8	38769de3-f2af-4d8b-9804-9a9ea0b2ab15	\N	59815810-9719-472b-9d1f-44c6e95832d2	\N	\N	t	2019-08-29 12:36:13.164+05:30	2019-08-29 15:56:49.049+05:30
5e21d9b0-decd-42d2-8cb0-ccd6f186632f	16	28409486-9cc7-4c66-8e26-0111e7ae936d	d3c4341a-04f1-454c-a02b-841acf223d11	12	\N	fb19ec0b-0933-4166-90b8-1839f1a2bae8	a4a8eb27-2641-4739-a04c-8d28a7040a52	\N	59815810-9719-472b-9d1f-44c6e95832d2	\N	\N	t	2019-08-29 12:37:58.311+05:30	2019-08-29 15:57:37.195+05:30
d408c164-b396-47b4-be7e-d358e605b5d7	22	5477f2d3-0e8e-46de-9f7b-67a7e2fd3fee	bf4a6836-e171-4347-9bdd-630565136826	78	\N	048d7684-22be-4c4b-9288-8f1dbc4a47ef	c27459d3-a528-43d0-bc12-0e7bf02f6ae1	\N	59815810-9719-472b-9d1f-44c6e95832d2	\N	\N	t	2019-08-29 13:00:28.698+05:30	2019-08-29 13:04:49.861+05:30
318472cc-2634-48b6-995d-f485249be339	12	5477f2d3-0e8e-46de-9f7b-67a7e2fd3fee	9f70b935-59ee-43b3-8754-e4edc55ea761	9	\N	55d58ee4-d94c-45bc-ac34-b7bf9358f75c	55d58ee4-d94c-45bc-ac34-b7bf9358f75c	\N	59815810-9719-472b-9d1f-44c6e95832d2	\N	\N	t	2019-08-29 11:09:00.563+05:30	2019-08-29 11:16:58.863+05:30
0ecf756f-5ab8-4a6e-a01e-8d4214604f02	23	5477f2d3-0e8e-46de-9f7b-67a7e2fd3fee	24af8753-55ce-4a6f-b136-65989057ca67	67	\N	fd4223e5-6481-4fd6-9d58-9b1a3874dba6	c1c1217d-f873-4459-aba6-f037c1d6a45f	\N	59815810-9719-472b-9d1f-44c6e95832d2	\N	\N	t	2019-08-29 13:09:40.085+05:30	2019-08-29 13:11:07.372+05:30
5bc382b9-f6bb-4115-be73-c6a0fb27c388	24	5477f2d3-0e8e-46de-9f7b-67a7e2fd3fee	7f091f5e-1be6-4580-88c0-8216221a1776	78	\N	72f2af55-9b93-4f21-b53a-c705789532c6	38769de3-f2af-4d8b-9804-9a9ea0b2ab15	\N	59815810-9719-472b-9d1f-44c6e95832d2	\N	\N	t	2019-08-29 13:18:27.399+05:30	2019-08-29 13:18:27.399+05:30
15d673d4-e6fb-4aef-a4b6-83a77828da3f	14	a20e8b31-1a20-42e1-8845-5b3770732ed1	4ee93a70-e8d3-4147-a7b6-f8907ed42d03	1	\N	bcf42d17-0484-4d84-aae0-fe80aecdf3c8	a4a8eb27-2641-4739-a04c-8d28a7040a52	67648a9a-5ef8-4e37-b2f8-b3dbe6197ac4	d5c6fa9d-85b3-4e92-8b08-407c636301ee	61446fa4-15a4-471b-baee-befbefb334bc	6dcc4080-c267-4f60-855b-e0f8543c4b9a	t	2019-08-29 12:29:41.043+05:30	2019-08-29 16:45:00.03+05:30
44c74887-0f90-428a-ac1d-e35ee5220021	25	5477f2d3-0e8e-46de-9f7b-67a7e2fd3fee	987f8b6d-b2e1-4b3f-8d43-bd7d294ef8ea	78	\N	5ee2da1c-6a4a-4c9a-a2f2-8fa946f3c31b	6ac656a2-bab9-4ca5-bde7-62e812b18818	\N	59815810-9719-472b-9d1f-44c6e95832d2	\N	\N	t	2019-08-29 13:31:41.512+05:30	2019-08-29 13:32:11.582+05:30
e90c9331-2842-4135-99a4-51bb21a90b0e	27	a20e8b31-1a20-42e1-8845-5b3770732ed1	583f8e42-d03c-4e10-aa1c-b0c36ba6c6ae	1	\N	fb19ec0b-0933-4166-90b8-1839f1a2bae8	cff9ab82-404e-4368-a2b8-e95e239550d6	\N	59815810-9719-472b-9d1f-44c6e95832d2	\N	\N	t	2019-08-29 13:41:10.569+05:30	2019-08-29 13:41:10.569+05:30
6c48d2d9-c327-4719-9f15-2abd14f4ecfc	37	28409486-9cc7-4c66-8e26-0111e7ae936d	28409486-9cc7-4c66-8e26-0111e7ae936d	12	\N	bcf42d17-0484-4d84-aae0-fe80aecdf3c8	92ee104a-27c8-426d-96a4-53f845fb0991	67648a9a-5ef8-4e37-b2f8-b3dbe6197ac4	d5c6fa9d-85b3-4e92-8b08-407c636301ee	d4db321a-f3bc-4d59-99ec-2a31494838f8	382cd3c5-7e55-439e-90ba-edf65a9eb978	t	2019-08-29 19:38:40.985+05:30	2019-09-04 16:38:30.173+05:30
cc2e7f04-3052-4817-b290-6fabe72f9e90	26	a20e8b31-1a20-42e1-8845-5b3770732ed1	029d212b-6f4d-4189-b51f-6a7a3f3f3049	1	\N	bcf42d17-0484-4d84-aae0-fe80aecdf3c8	0e55c273-f43d-4510-b969-133dbc350ea3	67648a9a-5ef8-4e37-b2f8-b3dbe6197ac4	d5c6fa9d-85b3-4e92-8b08-407c636301ee	61446fa4-15a4-471b-baee-befbefb334bc	5072a896-11be-4b72-9c69-858c3d7cd961	t	2019-08-29 13:35:55.033+05:30	2019-08-29 22:00:00.058+05:30
4c5ad2a1-7ae1-45f1-9be4-796b66827605	20	a20e8b31-1a20-42e1-8845-5b3770732ed1	f75fd3e9-102e-4d1d-af5e-2c0a08e08f78	1	\N	bcf42d17-0484-4d84-aae0-fe80aecdf3c8	3a93ac8e-fafe-434a-928a-ffbf178f4241	67648a9a-5ef8-4e37-b2f8-b3dbe6197ac4	d5c6fa9d-85b3-4e92-8b08-407c636301ee	61446fa4-15a4-471b-baee-befbefb334bc	79b87576-b020-445d-918f-9e6b7acc6477	t	2019-08-29 12:56:40.28+05:30	2019-08-29 18:45:00.031+05:30
50c24822-f22d-4299-990f-edb10857a269	31	5477f2d3-0e8e-46de-9f7b-67a7e2fd3fee	9655f828-a16c-4929-ac57-954bf89de411	8990	\N	38769de3-f2af-4d8b-9804-9a9ea0b2ab15	38769de3-f2af-4d8b-9804-9a9ea0b2ab15	\N	59815810-9719-472b-9d1f-44c6e95832d2	\N	\N	t	2019-08-29 16:47:42.406+05:30	2019-08-29 16:48:33.152+05:30
830aa2fe-8ea5-4131-b9aa-d48f2a7b36fc	34	a6890863-8b14-49b7-bd12-00900b6f6267	f33604f6-2239-4221-a787-3c016febbe1a	90	\N	38769de3-f2af-4d8b-9804-9a9ea0b2ab15	c69b6344-d65d-4ba1-9ffb-e464f0e94dac	\N	59815810-9719-472b-9d1f-44c6e95832d2	\N	\N	t	2019-08-29 18:53:13.503+05:30	2019-08-29 18:53:13.503+05:30
2470f62d-6960-4d9e-8a7e-08b1cc39309d	35	a6890863-8b14-49b7-bd12-00900b6f6267	bf3a3815-4054-42c0-83fd-d128e68c6965	78	\N	38769de3-f2af-4d8b-9804-9a9ea0b2ab15	38769de3-f2af-4d8b-9804-9a9ea0b2ab15	\N	59815810-9719-472b-9d1f-44c6e95832d2	\N	\N	t	2019-08-29 19:04:39.072+05:30	2019-08-29 19:04:39.072+05:30
5ef53967-15e9-43b1-b607-2d094af5369e	36	28409486-9cc7-4c66-8e26-0111e7ae936d	45dcc820-adf1-4bef-bd6d-2ffff769b6f9	12	\N	38769de3-f2af-4d8b-9804-9a9ea0b2ab15	38769de3-f2af-4d8b-9804-9a9ea0b2ab15	\N	59815810-9719-472b-9d1f-44c6e95832d2	\N	\N	t	2019-08-29 19:15:32.787+05:30	2019-08-29 19:15:32.787+05:30
6fbe9e5f-4aea-43ed-ba03-7de6a5230d40	32	e36150f8-d370-46fb-b170-195329715214	9304e203-2784-488d-8f0e-dbb106ceb309	90	\N	4c96d494-2610-4546-9062-677a054ce906	ccbaae15-1b4a-4136-980b-d2252b878cde	\N	59815810-9719-472b-9d1f-44c6e95832d2	\N	\N	t	2019-08-29 17:40:31.001+05:30	2019-09-03 19:39:59.811+05:30
66932255-4063-4430-a2b2-c5762330fbbe	30	5477f2d3-0e8e-46de-9f7b-67a7e2fd3fee	bb20c628-ff82-4782-8722-eded4d9da739	90	\N	38769de3-f2af-4d8b-9804-9a9ea0b2ab15	bcf42d17-0484-4d84-aae0-fe80aecdf3c8	\N	59815810-9719-472b-9d1f-44c6e95832d2	\N	\N	t	2019-08-29 15:06:44.993+05:30	2019-08-30 13:57:17.55+05:30
7ab376b3-36d4-4f0e-a8da-71e50e740aca	38	6ab11c80-1df2-4362-ab51-5b72bf692111	5477f2d3-0e8e-46de-9f7b-67a7e2fd3fee	2	\N	38769de3-f2af-4d8b-9804-9a9ea0b2ab15	6192c99a-69de-4989-b810-b50a1aafd3ab	\N	59815810-9719-472b-9d1f-44c6e95832d2	\N	\N	t	2019-08-30 12:39:00.442+05:30	2019-08-30 13:08:39.781+05:30
021081bf-ce76-46e6-9635-766f5c8391a2	29	5477f2d3-0e8e-46de-9f7b-67a7e2fd3fee	55552af3-0a29-4247-a4d8-526927e2756a	89	\N	5ee2da1c-6a4a-4c9a-a2f2-8fa946f3c31b	bcf42d17-0484-4d84-aae0-fe80aecdf3c8	\N	59815810-9719-472b-9d1f-44c6e95832d2	\N	\N	t	2019-08-29 14:45:28.208+05:30	2019-08-30 13:56:27.02+05:30
35b37e64-d9cd-4769-be10-7278a6f65027	2	a20e8b31-1a20-42e1-8845-5b3770732ed1	94c3ba36-7be7-4a16-8be5-0701f1c0235f	69	\N	c69b6344-d65d-4ba1-9ffb-e464f0e94dac	a4a8eb27-2641-4739-a04c-8d28a7040a52	4d6a1a56-5eff-41cb-85cc-db68004738c6	d5c6fa9d-85b3-4e92-8b08-407c636301ee	894fe085-978d-4fe3-ab3c-97096eb064cc	7dce3083-d768-4abe-ae01-93f440b016c3	t	2019-08-28 22:09:53.271+05:30	2019-09-04 16:38:30.075+05:30
a6846811-1940-4cdc-9218-bd3662deca99	40	e36150f8-d370-46fb-b170-195329715214	30b21012-a9ba-4f53-8874-0f00cada7eff	67	\N	4fcde471-b888-4798-899e-5ffc38a248c9	38769de3-f2af-4d8b-9804-9a9ea0b2ab15	\N	59815810-9719-472b-9d1f-44c6e95832d2	\N	\N	t	2019-08-30 15:01:34.264+05:30	2019-08-30 15:16:38.209+05:30
df73eb46-5920-4693-9879-e370f428b4a3	41	e36150f8-d370-46fb-b170-195329715214	5477f2d3-0e8e-46de-9f7b-67a7e2fd3fee	25	\N	38769de3-f2af-4d8b-9804-9a9ea0b2ab15	38769de3-f2af-4d8b-9804-9a9ea0b2ab15	\N	59815810-9719-472b-9d1f-44c6e95832d2	\N	\N	t	2019-08-30 18:00:40.857+05:30	2019-08-30 18:00:40.857+05:30
7bb51bbc-ca52-4332-85bd-e65f0daf9037	42	5477f2d3-0e8e-46de-9f7b-67a7e2fd3fee	5477f2d3-0e8e-46de-9f7b-67a7e2fd3fee	40	\N	38769de3-f2af-4d8b-9804-9a9ea0b2ab15	5ee2da1c-6a4a-4c9a-a2f2-8fa946f3c31b	\N	59815810-9719-472b-9d1f-44c6e95832d2	\N	\N	t	2019-08-30 18:06:19.668+05:30	2019-08-30 18:06:19.668+05:30
17ce5d65-a086-4279-a7ac-4bc938b67728	43	5477f2d3-0e8e-46de-9f7b-67a7e2fd3fee	5477f2d3-0e8e-46de-9f7b-67a7e2fd3fee	23	\N	c69b6344-d65d-4ba1-9ffb-e464f0e94dac	6ac656a2-bab9-4ca5-bde7-62e812b18818	\N	59815810-9719-472b-9d1f-44c6e95832d2	\N	\N	t	2019-08-30 18:07:49.67+05:30	2019-08-30 18:07:49.67+05:30
4eabd116-8340-42e9-9770-9ef6bf75a338	44	e36150f8-d370-46fb-b170-195329715214	5477f2d3-0e8e-46de-9f7b-67a7e2fd3fee	23	\N	38769de3-f2af-4d8b-9804-9a9ea0b2ab15	c69b6344-d65d-4ba1-9ffb-e464f0e94dac	\N	59815810-9719-472b-9d1f-44c6e95832d2	\N	\N	t	2019-08-30 18:10:29.986+05:30	2019-08-30 18:10:29.986+05:30
4912772a-44a5-41c6-8829-747517be7cda	45	e36150f8-d370-46fb-b170-195329715214	5477f2d3-0e8e-46de-9f7b-67a7e2fd3fee	12	\N	38769de3-f2af-4d8b-9804-9a9ea0b2ab15	c866670d-2be3-4202-a498-de0c87843140	\N	59815810-9719-472b-9d1f-44c6e95832d2	\N	\N	t	2019-08-30 18:13:01.586+05:30	2019-08-30 18:13:01.586+05:30
f57c9177-32d8-4752-952c-562def0d8c35	46	e36150f8-d370-46fb-b170-195329715214	5477f2d3-0e8e-46de-9f7b-67a7e2fd3fee	12	\N	38769de3-f2af-4d8b-9804-9a9ea0b2ab15	048d7684-22be-4c4b-9288-8f1dbc4a47ef	\N	59815810-9719-472b-9d1f-44c6e95832d2	\N	\N	t	2019-08-30 18:13:55.489+05:30	2019-08-30 18:13:55.489+05:30
24846065-9e2f-4220-8349-0e2256ef66e8	47	e36150f8-d370-46fb-b170-195329715214	5477f2d3-0e8e-46de-9f7b-67a7e2fd3fee	12	\N	38769de3-f2af-4d8b-9804-9a9ea0b2ab15	048d7684-22be-4c4b-9288-8f1dbc4a47ef	\N	59815810-9719-472b-9d1f-44c6e95832d2	\N	\N	t	2019-08-30 18:15:04.111+05:30	2019-08-30 18:15:04.111+05:30
3eedd2b7-7a68-4241-833c-f1d28383fd4b	48	e36150f8-d370-46fb-b170-195329715214	5477f2d3-0e8e-46de-9f7b-67a7e2fd3fee	12	\N	38769de3-f2af-4d8b-9804-9a9ea0b2ab15	c866670d-2be3-4202-a498-de0c87843140	\N	59815810-9719-472b-9d1f-44c6e95832d2	\N	\N	f	2019-08-30 18:15:38.591+05:30	2019-08-30 18:15:38.631+05:30
edd9a6f8-1001-4e1b-b802-fef483606c43	49	e36150f8-d370-46fb-b170-195329715214	5477f2d3-0e8e-46de-9f7b-67a7e2fd3fee	12	\N	5ee2da1c-6a4a-4c9a-a2f2-8fa946f3c31b	048d7684-22be-4c4b-9288-8f1dbc4a47ef	\N	59815810-9719-472b-9d1f-44c6e95832d2	\N	\N	f	2019-08-30 18:16:34.017+05:30	2019-08-30 18:16:34.051+05:30
c8d3f150-8e3e-49ea-bc19-0c03c38c84cb	50	e36150f8-d370-46fb-b170-195329715214	5477f2d3-0e8e-46de-9f7b-67a7e2fd3fee	12	\N	38769de3-f2af-4d8b-9804-9a9ea0b2ab15	3a93ac8e-fafe-434a-928a-ffbf178f4241	\N	59815810-9719-472b-9d1f-44c6e95832d2	\N	\N	f	2019-08-30 18:17:41.034+05:30	2019-08-30 18:17:41.06+05:30
54f63474-fb3f-4695-8d18-4dad989fdcd2	51	e36150f8-d370-46fb-b170-195329715214	5477f2d3-0e8e-46de-9f7b-67a7e2fd3fee	43	\N	38769de3-f2af-4d8b-9804-9a9ea0b2ab15	3a93ac8e-fafe-434a-928a-ffbf178f4241	\N	59815810-9719-472b-9d1f-44c6e95832d2	\N	\N	f	2019-08-30 18:37:48.794+05:30	2019-08-30 18:37:48.829+05:30
c0da3a98-7228-40bd-ae4b-5b0d808712c2	52	e36150f8-d370-46fb-b170-195329715214	5477f2d3-0e8e-46de-9f7b-67a7e2fd3fee	23	\N	38769de3-f2af-4d8b-9804-9a9ea0b2ab15	048d7684-22be-4c4b-9288-8f1dbc4a47ef	\N	59815810-9719-472b-9d1f-44c6e95832d2	\N	\N	f	2019-08-30 18:38:45.589+05:30	2019-08-30 18:38:45.629+05:30
cb58efb7-57f4-485b-a4a9-b81ab93d44f8	53	e36150f8-d370-46fb-b170-195329715214	5477f2d3-0e8e-46de-9f7b-67a7e2fd3fee	34	\N	38769de3-f2af-4d8b-9804-9a9ea0b2ab15	c866670d-2be3-4202-a498-de0c87843140	\N	59815810-9719-472b-9d1f-44c6e95832d2	\N	\N	f	2019-08-30 18:41:47.165+05:30	2019-08-30 18:41:49.191+05:30
f94d844e-52d0-47d1-84c8-409770453665	54	e36150f8-d370-46fb-b170-195329715214	5477f2d3-0e8e-46de-9f7b-67a7e2fd3fee	54	\N	38769de3-f2af-4d8b-9804-9a9ea0b2ab15	c866670d-2be3-4202-a498-de0c87843140	\N	59815810-9719-472b-9d1f-44c6e95832d2	\N	\N	t	2019-08-30 18:42:55.104+05:30	2019-08-30 18:42:55.104+05:30
fb8f82c2-3c58-45ff-9aad-9a3ec9143d16	55	e36150f8-d370-46fb-b170-195329715214	5477f2d3-0e8e-46de-9f7b-67a7e2fd3fee	52	\N	38769de3-f2af-4d8b-9804-9a9ea0b2ab15	c866670d-2be3-4202-a498-de0c87843140	\N	59815810-9719-472b-9d1f-44c6e95832d2	\N	\N	t	2019-08-30 18:44:29.073+05:30	2019-08-30 18:44:29.073+05:30
861287ae-f0e8-43b5-bac9-5ce73fd1de91	56	e36150f8-d370-46fb-b170-195329715214	5477f2d3-0e8e-46de-9f7b-67a7e2fd3fee	56	\N	38769de3-f2af-4d8b-9804-9a9ea0b2ab15	048d7684-22be-4c4b-9288-8f1dbc4a47ef	\N	59815810-9719-472b-9d1f-44c6e95832d2	\N	\N	f	2019-08-30 18:46:32.823+05:30	2019-08-30 18:46:39.89+05:30
760c3de4-f433-4ed2-81c1-022880834072	57	5477f2d3-0e8e-46de-9f7b-67a7e2fd3fee	5477f2d3-0e8e-46de-9f7b-67a7e2fd3fee	52	\N	38769de3-f2af-4d8b-9804-9a9ea0b2ab15	c866670d-2be3-4202-a498-de0c87843140	\N	59815810-9719-472b-9d1f-44c6e95832d2	\N	\N	t	2019-08-30 18:47:48.437+05:30	2019-08-30 18:47:48.437+05:30
b6e51431-b28a-4ea2-b0fd-8114476e5ef0	39	e36150f8-d370-46fb-b170-195329715214	2580f987-c07a-49c3-9411-52fde98e7020	678	\N	38769de3-f2af-4d8b-9804-9a9ea0b2ab15	92496e11-f96e-436c-99d5-c727488862c6	4d6a1a56-5eff-41cb-85cc-db68004738c6	d5c6fa9d-85b3-4e92-8b08-407c636301ee	b53cce03-1060-4677-920b-ca86e7535b33	d35c8888-fec7-45b3-be6b-765f6788bcf0	t	2019-08-30 12:46:19.077+05:30	2019-09-04 17:30:00.048+05:30
8eea0b6a-b71a-4992-b346-969dc539ca8d	65	e36150f8-d370-46fb-b170-195329715214	b90ed56f-5333-49e0-93c3-d58189eaf2d9	343	\N	38769de3-f2af-4d8b-9804-9a9ea0b2ab15	38769de3-f2af-4d8b-9804-9a9ea0b2ab15	\N	59815810-9719-472b-9d1f-44c6e95832d2	\N	\N	t	2019-09-03 20:30:28.925+05:30	2019-09-03 20:30:28.925+05:30
7cf7232c-8f37-4089-b9a1-932d9ab35b57	60	5477f2d3-0e8e-46de-9f7b-67a7e2fd3fee	5477f2d3-0e8e-46de-9f7b-67a7e2fd3fee	25	\N	2bb0e4b8-27bd-41e2-9959-d91c31c6eb53	a4a8eb27-2641-4739-a04c-8d28a7040a52	4d6a1a56-5eff-41cb-85cc-db68004738c6	d5c6fa9d-85b3-4e92-8b08-407c636301ee	1ef54471-f26e-4501-8d32-b6a8f44a2af5	086e1870-eb3f-4461-87d3-5f38489da5c0	t	2019-08-31 04:55:26.304+05:30	2019-09-04 16:38:30.204+05:30
8fa566ee-3545-482f-a486-59657207a9d0	61	e36150f8-d370-46fb-b170-195329715214	5477f2d3-0e8e-46de-9f7b-67a7e2fd3fee	2.29999999999999982	\N	3a93ac8e-fafe-434a-928a-ffbf178f4241	72f2af55-9b93-4f21-b53a-c705789532c6	\N	59815810-9719-472b-9d1f-44c6e95832d2	\N	\N	f	2019-08-30 21:05:55.618+05:30	2019-08-30 21:05:57.258+05:30
1eca7e1e-c40e-4814-a92b-981d5a405734	66	e36150f8-d370-46fb-b170-195329715214	de37cdd7-2208-4bf0-b816-01ed7d3e507e	89	\N	38769de3-f2af-4d8b-9804-9a9ea0b2ab15	72f2af55-9b93-4f21-b53a-c705789532c6	\N	59815810-9719-472b-9d1f-44c6e95832d2	\N	\N	t	2019-09-03 20:31:22.708+05:30	2019-09-03 20:31:57.59+05:30
3798660d-bc4d-4174-9c5b-76c81648dee6	62	e36150f8-d370-46fb-b170-195329715214	ca09aa56-1c63-4903-9ef1-25c7065f276e	7800	\N	38769de3-f2af-4d8b-9804-9a9ea0b2ab15	a6e16b7d-f0f6-4f90-a5c0-2dd224f02646	\N	59815810-9719-472b-9d1f-44c6e95832d2	\N	\N	t	2019-09-03 14:52:40.82+05:30	2019-09-03 14:57:29.679+05:30
120d0990-1246-4a62-8a26-2d3808a1a4fd	58	e36150f8-d370-46fb-b170-195329715214	5477f2d3-0e8e-46de-9f7b-67a7e2fd3fee	2	\N	2bb0e4b8-27bd-41e2-9959-d91c31c6eb53	a4a8eb27-2641-4739-a04c-8d28a7040a52	4d6a1a56-5eff-41cb-85cc-db68004738c6	c6ce9902-bfcc-4dba-ac20-e064aad87009	f49f5e1e-b03a-4572-8013-a6b3e22ae3cc	951cae9d-aa41-4dd2-a07a-75f50bdf9a51	f	2019-08-30 20:49:52.889+05:30	2019-09-04 16:48:34.853+05:30
93b0e3cc-c6be-4897-a588-c0125ddb8544	63	e36150f8-d370-46fb-b170-195329715214	6a7fc84a-8701-4eb0-9de6-ef6338747910	890	\N	38769de3-f2af-4d8b-9804-9a9ea0b2ab15	a7da2892-344e-45af-a0a5-917612d8bd3b	\N	59815810-9719-472b-9d1f-44c6e95832d2	\N	\N	t	2019-09-03 14:58:44.145+05:30	2019-09-03 17:39:02.495+05:30
8f0ab798-b595-42f3-9a73-7ffd7803cb5c	33	e36150f8-d370-46fb-b170-195329715214	7f091f5e-1be6-4580-88c0-8216221a1776	890	\N	38769de3-f2af-4d8b-9804-9a9ea0b2ab15	c27459d3-a528-43d0-bc12-0e7bf02f6ae1	\N	59815810-9719-472b-9d1f-44c6e95832d2	\N	\N	t	2019-08-29 17:54:39.939+05:30	2019-09-03 19:37:39.527+05:30
4c052b0e-a76b-4c84-b442-72481e9f0782	64	e36150f8-d370-46fb-b170-195329715214	b90ed56f-5333-49e0-93c3-d58189eaf2d9	34	\N	38769de3-f2af-4d8b-9804-9a9ea0b2ab15	38769de3-f2af-4d8b-9804-9a9ea0b2ab15	\N	59815810-9719-472b-9d1f-44c6e95832d2	\N	\N	f	2019-09-03 20:28:17.73+05:30	2019-09-03 20:28:25.738+05:30
6bfc4f78-b49c-4ef5-9ada-7a5f8eeea1ad	67	e36150f8-d370-46fb-b170-195329715214	9f392d83-0cc0-4ee8-8fbb-09e1205e461c	7890	\N	38769de3-f2af-4d8b-9804-9a9ea0b2ab15	3b869f23-d1c7-4868-b345-6bc702ebecd7	\N	59815810-9719-472b-9d1f-44c6e95832d2	\N	\N	t	2019-09-03 20:54:34.386+05:30	2019-09-03 20:55:53.453+05:30
95864625-8c25-4e5a-b828-73dac2db31d6	68	a6890863-8b14-49b7-bd12-00900b6f6267	28409486-9cc7-4c66-8e26-0111e7ae936d	550	\N	5ee2da1c-6a4a-4c9a-a2f2-8fa946f3c31b	a4a8eb27-2641-4739-a04c-8d28a7040a52	\N	59815810-9719-472b-9d1f-44c6e95832d2	\N	\N	t	2019-09-04 12:23:10.092+05:30	2019-09-04 12:23:10.092+05:30
80e36a8c-ee6a-44f1-b71a-f35d79ffa298	69	e36150f8-d370-46fb-b170-195329715214	45dcc820-adf1-4bef-bd6d-2ffff769b6f9	12	\N	38769de3-f2af-4d8b-9804-9a9ea0b2ab15	38769de3-f2af-4d8b-9804-9a9ea0b2ab15	\N	59815810-9719-472b-9d1f-44c6e95832d2	\N	\N	t	2019-09-04 12:29:42.914+05:30	2019-09-04 12:29:42.914+05:30
59e51c62-9131-4b26-94ea-fec133358ddf	70	a6890863-8b14-49b7-bd12-00900b6f6267	45dcc820-adf1-4bef-bd6d-2ffff769b6f9	12	\N	38769de3-f2af-4d8b-9804-9a9ea0b2ab15	38769de3-f2af-4d8b-9804-9a9ea0b2ab15	\N	59815810-9719-472b-9d1f-44c6e95832d2	\N	\N	t	2019-09-04 12:30:07.767+05:30	2019-09-04 12:30:07.767+05:30
eaa8dce1-8b94-4437-8c05-13cb5ec2073b	71	a6890863-8b14-49b7-bd12-00900b6f6267	45dcc820-adf1-4bef-bd6d-2ffff769b6f9	12	\N	38769de3-f2af-4d8b-9804-9a9ea0b2ab15	38769de3-f2af-4d8b-9804-9a9ea0b2ab15	\N	59815810-9719-472b-9d1f-44c6e95832d2	\N	\N	t	2019-09-04 12:33:51.679+05:30	2019-09-04 12:33:51.679+05:30
a899caba-82b6-41da-a188-0fb1fb4d456f	72	a6890863-8b14-49b7-bd12-00900b6f6267	28409486-9cc7-4c66-8e26-0111e7ae936d	12	\N	38769de3-f2af-4d8b-9804-9a9ea0b2ab15	38769de3-f2af-4d8b-9804-9a9ea0b2ab15	\N	59815810-9719-472b-9d1f-44c6e95832d2	\N	\N	t	2019-09-04 12:34:14.684+05:30	2019-09-04 12:34:14.684+05:30
c63cc201-1d54-423a-a486-a25f2a7c06a4	77	e36150f8-d370-46fb-b170-195329715214	5ee08896-90da-4658-b9e1-26c34324bef8	756	\N	38769de3-f2af-4d8b-9804-9a9ea0b2ab15	a6e16b7d-f0f6-4f90-a5c0-2dd224f02646	\N	59815810-9719-472b-9d1f-44c6e95832d2	\N	\N	t	2019-09-04 13:34:42.743+05:30	2019-09-04 13:56:01.961+05:30
69095df8-22a9-4c9c-9381-8c1cc2515aac	74	a6890863-8b14-49b7-bd12-00900b6f6267	682f9b32-982a-4a53-bd17-d947d3a938b3	78	\N	38769de3-f2af-4d8b-9804-9a9ea0b2ab15	38769de3-f2af-4d8b-9804-9a9ea0b2ab15	\N	59815810-9719-472b-9d1f-44c6e95832d2	\N	\N	t	2019-09-04 13:01:54.598+05:30	2019-09-04 13:01:54.598+05:30
ad1cd548-7648-4828-9ecb-05919c991b49	78	e36150f8-d370-46fb-b170-195329715214	206e09d6-29fd-4843-84be-0a3f65bb698c	672	\N	38769de3-f2af-4d8b-9804-9a9ea0b2ab15	38769de3-f2af-4d8b-9804-9a9ea0b2ab15	\N	59815810-9719-472b-9d1f-44c6e95832d2	\N	\N	t	2019-09-04 13:56:40.492+05:30	2019-09-04 13:57:13.089+05:30
24f09718-abdb-4991-91c1-bf7c2ab9e084	79	a6890863-8b14-49b7-bd12-00900b6f6267	94eda66f-1dbe-40e5-b0c6-3d2003df0eea	80	\N	38769de3-f2af-4d8b-9804-9a9ea0b2ab15	38769de3-f2af-4d8b-9804-9a9ea0b2ab15	\N	59815810-9719-472b-9d1f-44c6e95832d2	\N	\N	t	2019-09-04 14:00:47.333+05:30	2019-09-04 14:00:47.333+05:30
d71019e9-9b5e-4421-b2a9-28482b7381cf	73	e36150f8-d370-46fb-b170-195329715214	45dcc820-adf1-4bef-bd6d-2ffff769b6f9	12	\N	38769de3-f2af-4d8b-9804-9a9ea0b2ab15	38769de3-f2af-4d8b-9804-9a9ea0b2ab15	\N	59815810-9719-472b-9d1f-44c6e95832d2	\N	\N	t	2019-09-04 12:34:40.387+05:30	2019-09-04 13:14:48.895+05:30
9784e177-b050-486e-abff-edb3384bef4a	75	a6890863-8b14-49b7-bd12-00900b6f6267	b58c9b76-8cdb-4053-a746-b6431b94491f	56	\N	38769de3-f2af-4d8b-9804-9a9ea0b2ab15	38769de3-f2af-4d8b-9804-9a9ea0b2ab15	\N	59815810-9719-472b-9d1f-44c6e95832d2	\N	\N	t	2019-09-04 13:24:35.341+05:30	2019-09-04 13:24:35.341+05:30
21593417-31b1-4c3a-a2e4-1c11daa362c7	76	a6890863-8b14-49b7-bd12-00900b6f6267	ecd49f08-890d-48de-a030-0a062321d6f4	82	\N	38769de3-f2af-4d8b-9804-9a9ea0b2ab15	a7da2892-344e-45af-a0a5-917612d8bd3b	\N	59815810-9719-472b-9d1f-44c6e95832d2	\N	\N	t	2019-09-04 13:33:02.156+05:30	2019-09-04 13:33:02.156+05:30
5464f9d6-d457-428c-bf10-bb20004b7ed7	80	e36150f8-d370-46fb-b170-195329715214	f8e524bc-fa2a-4b99-a174-0f89f2657911	90	\N	38769de3-f2af-4d8b-9804-9a9ea0b2ab15	38769de3-f2af-4d8b-9804-9a9ea0b2ab15	\N	59815810-9719-472b-9d1f-44c6e95832d2	\N	\N	t	2019-09-04 15:14:32.776+05:30	2019-09-04 15:14:53.529+05:30
95ac3dc3-3185-4a61-9b89-03f44b341b6b	59	e36150f8-d370-46fb-b170-195329715214	a20e8b31-1a20-42e1-8845-5b3770732ed1	2	\N	2bb0e4b8-27bd-41e2-9959-d91c31c6eb53	a4a8eb27-2641-4739-a04c-8d28a7040a52	4d6a1a56-5eff-41cb-85cc-db68004738c6	d5c6fa9d-85b3-4e92-8b08-407c636301ee	1ef54471-f26e-4501-8d32-b6a8f44a2af5	086e1870-eb3f-4461-87d3-5f38489da5c0	t	2019-08-30 20:51:46.318+05:30	2019-09-04 16:38:30.187+05:30
882bb8ae-3fd2-4474-9d3b-9ef61480cd5a	81	e36150f8-d370-46fb-b170-195329715214	1b2382f4-9188-4f22-bfaa-e3e83f834d01	21022	\N	38769de3-f2af-4d8b-9804-9a9ea0b2ab15	55d58ee4-d94c-45bc-ac34-b7bf9358f75c	\N	59815810-9719-472b-9d1f-44c6e95832d2	\N	\N	t	2019-09-04 17:04:56.599+05:30	2019-09-04 17:06:17.432+05:30
\.


--
-- Data for Name: receipts; Type: TABLE DATA; Schema: public; Owner: saucr16
--

COPY public.receipts (id, "transactionId", "packageId", "totalAmount", "isSuccess", "isActive", "createdAt", "updatedAt", "userId") FROM stdin;
\.


--
-- Data for Name: roleAssigns; Type: TABLE DATA; Schema: public; Owner: saucr16
--

COPY public."roleAssigns" (id, "userId", "roleId", "isActive", "createdAt", "updatedAt") FROM stdin;
da41bc77-19ae-428e-bb57-82bb0f29377a	b90ed56f-5333-49e0-93c3-d58189eaf2d9	42e04670-8bc8-422b-b7b7-5547624d5969	t	2019-09-03 20:56:39.471+05:30	2019-09-04 11:22:56.813+05:30
4c0ed78b-9724-4eaa-99f5-5579fd9a99a2	9b536498-1828-4880-9850-46fe1412a4c9	467ba67c-947b-48c7-8d58-0f1c54a296ed	t	2019-08-28 22:25:10.784+05:30	2019-08-28 22:25:10.807+05:30
84888163-a754-4f5c-9449-11b8313b1c16	4085925a-379b-48db-81fc-4f14cc2d9303	fe28785d-27a2-4d2a-a243-41dce6501628	t	2019-08-28 22:25:25.448+05:30	2019-08-28 22:25:25.47+05:30
9615382c-1f1a-4353-bb67-03aee7010cfa	a20e8b31-1a20-42e1-8845-5b3770732ed1	29bc7565-08c1-4473-80a8-cac6dfa1ca16	t	2019-08-28 22:25:31.994+05:30	2019-08-28 22:25:32.023+05:30
954e661b-1218-4c17-99b6-d94469969cd6	009629b5-fa32-4368-8994-1f43ebc186c1	806961b4-c773-4780-8044-8131b60ca045	t	2019-08-28 22:25:41.272+05:30	2019-08-28 22:25:41.292+05:30
10f785cc-d3ab-4f43-8d73-44ac242271b6	265c3820-07d6-47db-8abf-072063cb5282	806961b4-c773-4780-8044-8131b60ca045	t	2019-08-28 22:25:48.913+05:30	2019-08-28 22:25:48.936+05:30
576776d1-5ae8-4cc5-8687-1870d406b1b3	029d212b-6f4d-4189-b51f-6a7a3f3f3049	bb28b3e6-f89b-4a74-a1f1-342f33ea0942	t	2019-08-29 14:15:45.337+05:30	2019-09-04 15:16:00.286+05:30
911a8298-4992-485d-b25c-664173c2f4a5	94c3ba36-7be7-4a16-8be5-0701f1c0235f	fe28785d-27a2-4d2a-a243-41dce6501628	t	2019-08-28 22:26:14.54+05:30	2019-08-28 22:28:31.168+05:30
7efc7ddf-dfab-4d92-8faf-7a1206bc49a5	b6428883-2e23-4fa1-9d19-044c61991e45	71c7bd17-400c-4068-b998-cded2648c795	t	2019-08-29 12:12:36.741+05:30	2019-08-29 12:12:36.767+05:30
74f8f72a-4bd2-4d36-81c2-bf2a34c9f439	bd686a86-669f-43e0-b5ca-3cb5932d45f8	467ba67c-947b-48c7-8d58-0f1c54a296ed	t	2019-08-29 12:13:21.506+05:30	2019-08-29 12:13:21.533+05:30
44739390-fb6a-4c50-b347-342a18dbe44d	9c90f6d8-2e1a-4e9f-a3b0-39ccd365c950	467ba67c-947b-48c7-8d58-0f1c54a296ed	t	2019-08-29 12:13:29.356+05:30	2019-08-29 12:13:29.377+05:30
4d07a56b-1dbc-4046-a013-105bd31757a1	ef5e2127-9c25-4e09-971b-af27912a3f23	467ba67c-947b-48c7-8d58-0f1c54a296ed	t	2019-08-29 12:13:35.652+05:30	2019-08-29 12:13:35.679+05:30
71101d0b-6879-4e59-aed6-5a990c49efb1	1525a613-01e2-42e5-9e69-6b020a3c676d	467ba67c-947b-48c7-8d58-0f1c54a296ed	t	2019-08-29 12:13:43.507+05:30	2019-08-29 12:13:43.532+05:30
09796d44-886a-4aac-b970-52d5c553d737	6f59882c-cf1f-4388-87d3-d69dff06fbb2	467ba67c-947b-48c7-8d58-0f1c54a296ed	t	2019-08-29 12:13:50.744+05:30	2019-08-29 12:13:50.784+05:30
df15dc56-9d81-442f-bda9-2751e6ef733e	9f70b935-59ee-43b3-8754-e4edc55ea761	467ba67c-947b-48c7-8d58-0f1c54a296ed	t	2019-08-29 12:13:57.308+05:30	2019-08-29 12:13:57.337+05:30
b17ccca0-0113-404d-b34f-7a0e661c13c1	167867dc-91b8-4918-bfe5-fdcd5115bd31	467ba67c-947b-48c7-8d58-0f1c54a296ed	t	2019-08-29 12:14:03.93+05:30	2019-08-29 12:14:03.956+05:30
47fc52b5-6b90-40b5-9296-c737173b3539	f75fd3e9-102e-4d1d-af5e-2c0a08e08f78	467ba67c-947b-48c7-8d58-0f1c54a296ed	t	2019-08-29 12:14:11.904+05:30	2019-08-29 12:14:11.926+05:30
0a5b87cd-e3d2-4180-8a50-9c08ff38c9bc	613572ff-2266-49fd-af17-20cf89344cba	467ba67c-947b-48c7-8d58-0f1c54a296ed	t	2019-08-29 12:14:17.969+05:30	2019-08-29 12:14:17.995+05:30
d27072f1-a00b-46c0-8832-a2aedd13f923	4d78675c-4a6d-4c6e-bbc5-f2f51aec2acf	467ba67c-947b-48c7-8d58-0f1c54a296ed	t	2019-08-29 12:14:25.824+05:30	2019-08-29 12:14:25.848+05:30
9b3dbd8d-2d84-4e8c-b726-e2c249537f4c	01b0cdc7-f056-4eed-ae27-d3a1dd4f8fb4	f6fd9b47-a9ec-40b1-a603-e9b1529d207a	t	2019-08-28 22:25:06.329+05:30	2019-09-04 17:03:48.461+05:30
aedefc1b-6dd5-4d48-8167-d4ee63445fc6	cb64d011-41ef-407b-8768-876803046e53	71c7bd17-400c-4068-b998-cded2648c795	t	2019-08-29 12:14:32.537+05:30	2019-08-29 12:14:41.059+05:30
e752fe5d-662e-45b1-ad4a-bde0741f92a0	2e1d3c89-adba-4a1a-acd7-46d68f8726db	806961b4-c773-4780-8044-8131b60ca045	t	2019-08-29 12:16:49.919+05:30	2019-08-29 12:17:12.044+05:30
29b4d627-89e1-49a5-955f-c2c39395d7f9	4ee93a70-e8d3-4147-a7b6-f8907ed42d03	d90853ce-4c53-4a39-9c36-b3a290fd6b7b	t	2019-08-29 14:15:56.979+05:30	2019-08-29 14:15:57.003+05:30
1db006fe-caa4-4202-a2e8-01b10e2cc937	5477f2d3-0e8e-46de-9f7b-67a7e2fd3fee	29bc7565-08c1-4473-80a8-cac6dfa1ca16	t	2019-08-28 22:25:18.415+05:30	2019-08-29 16:35:33.255+05:30
6a92d789-137c-4fbd-9aae-94deda8d91d2	e36150f8-d370-46fb-b170-195329715214	806961b4-c773-4780-8044-8131b60ca045	t	2019-08-29 16:09:28.532+05:30	2019-08-29 16:09:28.561+05:30
46460bd1-4c61-40d6-8313-287af2be1201	9655f828-a16c-4929-ac57-954bf89de411	467ba67c-947b-48c7-8d58-0f1c54a296ed	t	2019-08-30 11:45:45.157+05:30	2019-08-30 11:45:45.187+05:30
36358dac-4b35-43ef-b054-0f52d430af4a	28409486-9cc7-4c66-8e26-0111e7ae936d	29bc7565-08c1-4473-80a8-cac6dfa1ca16	t	2019-08-28 22:26:03.072+05:30	2019-09-03 14:21:58.492+05:30
\.


--
-- Data for Name: roles; Type: TABLE DATA; Schema: public; Owner: saucr16
--

COPY public.roles (id, name, level, "createdAt", "updatedAt") FROM stdin;
29bc7565-08c1-4473-80a8-cac6dfa1ca16	Manager	2	2019-08-28 22:04:48.597+05:30	2019-09-03 17:29:14.43+05:30
d3a9bf0b-1a87-4154-9234-5792c6443104	This is editted	13	2019-09-03 17:29:58.252+05:30	2019-09-03 17:30:17.616+05:30
fe28785d-27a2-4d2a-a243-41dce6501628	SuperAdmin	0	2019-08-28 22:09:16.602+05:30	2019-08-28 22:27:27.217+05:30
467ba67c-947b-48c7-8d58-0f1c54a296ed	User	3	2019-08-28 22:04:52.425+05:30	2019-08-29 11:13:39.74+05:30
71c7bd17-400c-4068-b998-cded2648c795	Supervisor	4	2019-08-29 11:14:18.806+05:30	2019-08-29 11:14:18.806+05:30
60630449-8b9f-4a91-bd7e-f689e928fc25	New role 8:00	800	2019-09-03 19:10:41.191+05:30	2019-09-03 19:10:41.191+05:30
7fd87f27-f8d6-4d57-84a8-819449c04e18	New role final	345	2019-09-03 19:19:33.668+05:30	2019-09-03 19:19:33.668+05:30
6a85027c-acf1-4541-83f1-9bd53320173e	New Reel	34	2019-09-03 20:32:46.943+05:30	2019-09-03 20:32:46.943+05:30
f44cece3-ad13-4c74-a4be-8ed9fb89bb03	pp	789	2019-09-03 20:56:28.917+05:30	2019-09-03 20:56:28.917+05:30
d90853ce-4c53-4a39-9c36-b3a290fd6b7b	Test Role 1	5	2019-08-29 13:48:05.079+05:30	2019-08-30 12:05:49.861+05:30
a22d5a1f-940b-40f0-9c92-d76f4f3d3b2c	test 1	32	2019-09-04 11:13:37.629+05:30	2019-09-04 11:13:37.629+05:30
4daa78db-9a8a-485d-ac3c-b751e8af2d4b	Test Role 2	6	2019-08-30 11:47:52.428+05:30	2019-08-30 12:06:38.65+05:30
38659863-0ac8-491b-893d-ce091dba604f	NNNew role	34	2019-09-04 11:19:02.236+05:30	2019-09-04 11:19:02.236+05:30
24c187e3-f620-450d-989e-66a7cbdb33ec	New role 11	91	2019-09-03 11:10:10.65+05:30	2019-09-03 11:26:28.845+05:30
42e04670-8bc8-422b-b7b7-5547624d5969	Nexus 5	23	2019-09-04 11:22:40.866+05:30	2019-09-04 11:22:40.866+05:30
8bdcad35-3abb-4f7a-a48b-cf9d9de19c1c	New role 2	22	2019-09-03 11:30:11.801+05:30	2019-09-03 11:30:11.801+05:30
4beb2fb5-a82e-4fd2-9343-a0520e320ef9	New Role 4	44	2019-09-03 11:31:26.951+05:30	2019-09-03 11:31:26.951+05:30
124a27c5-9678-4688-afb2-c77bddaa1608	New Role 6	66	2019-09-03 11:47:47.154+05:30	2019-09-03 11:47:47.154+05:30
52099a0a-ee54-4f64-85d5-76d03c7cd69c	Test Role 4	4	2019-09-03 11:52:09.2+05:30	2019-09-03 11:52:09.2+05:30
ad7b81a9-19b7-48d1-a4f0-c8c4d5d9be69	Test Role 3	7	2019-08-30 15:04:22.287+05:30	2019-09-03 11:52:40.264+05:30
56dd3335-bd9f-4701-8931-77a6f76e53a0	Test Role 5	55	2019-09-03 11:53:03.686+05:30	2019-09-03 11:53:25.349+05:30
f6fd9b47-a9ec-40b1-a603-e9b1529d207a	Thor33	55	2019-09-04 11:57:22.778+05:30	2019-09-04 11:58:34.218+05:30
806961b4-c773-4780-8044-8131b60ca045	Admin	1	2019-08-28 22:04:35.529+05:30	2019-09-04 13:57:45.906+05:30
dcfc6234-7030-45dc-ad40-dcfe2621c916	Ne54	134	2019-09-03 11:51:09.311+05:30	2019-09-04 13:57:58.231+05:30
73788703-5f37-43c6-bda3-1e45f334678d	New Role 6	56	2019-09-03 13:02:57.274+05:30	2019-09-03 13:02:57.274+05:30
bb28b3e6-f89b-4a74-a1f1-342f33ea0942	Finalest	89	2019-09-04 15:15:38.026+05:30	2019-09-04 15:15:38.026+05:30
97b0d05b-419a-4b56-ab2d-94a7d38a8906	New Role new	34	2019-09-03 14:16:44.364+05:30	2019-09-03 14:16:44.364+05:30
61c789b5-769f-4433-8b11-a41bdea6d08b	New test role	78	2019-09-03 14:23:11.943+05:30	2019-09-03 14:23:11.943+05:30
35fb2f91-c564-44d5-9f1a-88743defcdf0	MLE	67	2019-09-04 17:01:53.71+05:30	2019-09-04 17:01:53.71+05:30
03f77019-1771-40e4-b6e4-a33f409ac4f4	CEL	5	2019-09-04 13:58:42.183+05:30	2019-09-04 17:02:27.378+05:30
c5179805-615c-450e-a80d-5359bd910df2	Thor22	22	2019-09-04 17:02:59.165+05:30	2019-09-04 17:02:59.165+05:30
\.


--
-- Data for Name: statuses; Type: TABLE DATA; Schema: public; Owner: saucr16
--

COPY public.statuses (id, type, "createdAt", "updatedAt") FROM stdin;
59815810-9719-472b-9d1f-44c6e95832d2	PENDING	2019-08-28 21:22:36.526+05:30	2019-08-28 21:22:36.526+05:30
c6ce9902-bfcc-4dba-ac20-e064aad87009	IN-TRANSIT	2019-08-28 21:22:39.822+05:30	2019-08-28 21:22:39.822+05:30
d5c6fa9d-85b3-4e92-8b08-407c636301ee	COMPLETED	2019-08-28 21:22:43.432+05:30	2019-08-28 21:22:43.432+05:30
\.


--
-- Data for Name: trainStatuses; Type: TABLE DATA; Schema: public; Owner: saucr16
--

COPY public."trainStatuses" (id, "trainId", "sCity", "dCity", "sTime", "dTime", "isRunning", "createdAt", "updatedAt") FROM stdin;
9a011dcf-ebcf-4092-a245-b0ac2e985355	67648a9a-5ef8-4e37-b2f8-b3dbe6197ac4	55d58ee4-d94c-45bc-ac34-b7bf9358f75c	a6e16b7d-f0f6-4f90-a5c0-2dd224f02646	2019-08-28 12:45:00+05:30	2019-08-28 14:32:00+05:30	t	2019-08-28 21:35:40.878+05:30	2019-08-28 21:35:40.878+05:30
9ecb4059-ab09-4740-9bca-4ddba8fb7b37	67648a9a-5ef8-4e37-b2f8-b3dbe6197ac4	a6e16b7d-f0f6-4f90-a5c0-2dd224f02646	fb19ec0b-0933-4166-90b8-1839f1a2bae8	2019-08-28 14:35:00+05:30	2019-08-28 15:12:00+05:30	t	2019-08-28 21:35:40.918+05:30	2019-08-28 21:35:40.918+05:30
771b639e-c088-4000-bd5f-071aba20b72f	67648a9a-5ef8-4e37-b2f8-b3dbe6197ac4	fb19ec0b-0933-4166-90b8-1839f1a2bae8	cff9ab82-404e-4368-a2b8-e95e239550d6	2019-08-28 15:15:00+05:30	2019-08-28 15:53:00+05:30	t	2019-08-28 21:35:40.939+05:30	2019-08-28 21:35:40.939+05:30
d36b11ee-abc2-402d-a564-d88d6f8c23ec	67648a9a-5ef8-4e37-b2f8-b3dbe6197ac4	cff9ab82-404e-4368-a2b8-e95e239550d6	5342f1ef-bf93-4df0-b1b5-8d0e5f86019c	2019-08-28 15:55:00+05:30	2019-08-28 16:42:00+05:30	t	2019-08-28 21:35:40.956+05:30	2019-08-28 21:35:40.956+05:30
0cc23580-6492-41f6-b71e-2d6dd1b17613	67648a9a-5ef8-4e37-b2f8-b3dbe6197ac4	5342f1ef-bf93-4df0-b1b5-8d0e5f86019c	a4a8eb27-2641-4739-a04c-8d28a7040a52	2019-08-28 16:45:00+05:30	2019-08-28 18:05:00+05:30	t	2019-08-28 21:35:40.973+05:30	2019-08-28 21:35:40.973+05:30
02e7a860-58d5-48ec-8f75-a98547c3c9e2	67648a9a-5ef8-4e37-b2f8-b3dbe6197ac4	a4a8eb27-2641-4739-a04c-8d28a7040a52	8a55b013-710e-4396-8e11-3cf9a2ab57ac	2019-08-28 18:10:00+05:30	2019-08-28 18:39:00+05:30	t	2019-08-28 21:35:40.989+05:30	2019-08-28 21:35:40.989+05:30
9c547961-abea-4a6f-96b5-5c451194d971	67648a9a-5ef8-4e37-b2f8-b3dbe6197ac4	8a55b013-710e-4396-8e11-3cf9a2ab57ac	fd4223e5-6481-4fd6-9d58-9b1a3874dba6	2019-08-28 18:40:00+05:30	2019-08-28 18:59:00+05:30	t	2019-08-28 21:35:41.006+05:30	2019-08-28 21:35:41.006+05:30
1a01834f-942c-462b-ad62-f7a3e0080eb0	67648a9a-5ef8-4e37-b2f8-b3dbe6197ac4	fd4223e5-6481-4fd6-9d58-9b1a3874dba6	bcf42d17-0484-4d84-aae0-fe80aecdf3c8	2019-08-28 19:00:00+05:30	2019-08-28 19:45:00+05:30	t	2019-08-28 21:35:41.022+05:30	2019-08-28 21:35:41.022+05:30
1a33db6b-d24b-44ae-b7a8-96062ea9cdcb	67648a9a-5ef8-4e37-b2f8-b3dbe6197ac4	bcf42d17-0484-4d84-aae0-fe80aecdf3c8	3a93ac8e-fafe-434a-928a-ffbf178f4241	2019-08-28 19:50:00+05:30	2019-08-28 20:13:00+05:30	t	2019-08-28 21:35:41.039+05:30	2019-08-28 21:35:41.039+05:30
f6e29684-95e4-4587-876e-bc9754d3796d	67648a9a-5ef8-4e37-b2f8-b3dbe6197ac4	3a93ac8e-fafe-434a-928a-ffbf178f4241	f4762903-53a6-41de-b7f2-f226e772fdb8	2019-08-28 20:15:00+05:30	2019-08-28 20:50:00+05:30	t	2019-08-28 21:35:41.058+05:30	2019-08-28 21:35:41.058+05:30
7bbf84e3-5535-4c1b-9706-989e7558a313	67648a9a-5ef8-4e37-b2f8-b3dbe6197ac4	f4762903-53a6-41de-b7f2-f226e772fdb8	5e1ce8aa-a69b-4c4b-ab81-7f29ba66a34e	2019-08-28 20:52:00+05:30	2019-08-28 21:15:00+05:30	t	2019-08-28 21:35:41.072+05:30	2019-08-28 21:35:41.072+05:30
db04e6a6-50d3-411b-8fee-0893f90f96e8	67648a9a-5ef8-4e37-b2f8-b3dbe6197ac4	5e1ce8aa-a69b-4c4b-ab81-7f29ba66a34e	0e55c273-f43d-4510-b969-133dbc350ea3	2019-08-28 21:17:00+05:30	2019-08-28 21:37:00+05:30	t	2019-08-28 21:35:41.089+05:30	2019-08-28 21:35:41.089+05:30
6aa6550e-ae47-4aeb-a4f3-9cbbd9d95bc4	67648a9a-5ef8-4e37-b2f8-b3dbe6197ac4	0e55c273-f43d-4510-b969-133dbc350ea3	4fcde471-b888-4798-899e-5ffc38a248c9	2019-08-28 21:39:00+05:30	2019-08-28 22:47:00+05:30	t	2019-08-28 21:35:41.106+05:30	2019-08-28 21:35:41.106+05:30
0dfebc0b-7476-400f-80a8-a17cd4a5f3b4	67648a9a-5ef8-4e37-b2f8-b3dbe6197ac4	4fcde471-b888-4798-899e-5ffc38a248c9	00758704-00cc-4728-90f0-a017adc696bd	2019-08-28 22:52:00+05:30	2019-08-28 23:52:00+05:30	t	2019-08-28 21:35:41.122+05:30	2019-08-28 21:35:41.122+05:30
f2af5064-d30c-41a1-9c16-f68e9b8f8a22	67648a9a-5ef8-4e37-b2f8-b3dbe6197ac4	00758704-00cc-4728-90f0-a017adc696bd	c27459d3-a528-43d0-bc12-0e7bf02f6ae1	2019-08-28 23:54:00+05:30	2019-08-29 00:33:00+05:30	t	2019-08-28 21:35:41.139+05:30	2019-08-28 21:35:41.139+05:30
bdd94a09-8dc3-41b5-aa22-18ee56c86bba	67648a9a-5ef8-4e37-b2f8-b3dbe6197ac4	c27459d3-a528-43d0-bc12-0e7bf02f6ae1	d0f35280-a35f-48ed-a2e9-e0837e209265	2019-08-29 00:36:00+05:30	2019-08-29 01:04:00+05:30	t	2019-08-28 21:35:41.156+05:30	2019-08-28 21:35:41.156+05:30
e4df2bef-8710-48ae-9f18-0050c95939fb	67648a9a-5ef8-4e37-b2f8-b3dbe6197ac4	d0f35280-a35f-48ed-a2e9-e0837e209265	592ec13f-277e-4a19-a025-c4e5e5423be6	2019-08-29 01:06:00+05:30	2019-08-29 01:32:00+05:30	t	2019-08-28 21:35:41.185+05:30	2019-08-28 21:35:41.185+05:30
a844f0af-af33-4c97-a24a-0274481836e5	67648a9a-5ef8-4e37-b2f8-b3dbe6197ac4	592ec13f-277e-4a19-a025-c4e5e5423be6	6ac656a2-bab9-4ca5-bde7-62e812b18818	2019-08-29 01:37:00+05:30	2019-08-29 03:29:00+05:30	t	2019-08-28 21:35:41.219+05:30	2019-08-28 21:35:41.219+05:30
1cf8a779-7c2d-4c1e-9494-cae17fa39f0c	67648a9a-5ef8-4e37-b2f8-b3dbe6197ac4	6ac656a2-bab9-4ca5-bde7-62e812b18818	0674ac5c-3f90-4353-9207-acb95c2d4686	2019-08-29 03:30:00+05:30	2019-08-29 03:39:00+05:30	t	2019-08-28 21:35:41.241+05:30	2019-08-28 21:35:41.241+05:30
d8902ec2-695b-4668-afc5-5b25b3c5ff6f	67648a9a-5ef8-4e37-b2f8-b3dbe6197ac4	0674ac5c-3f90-4353-9207-acb95c2d4686	a6df6bf5-d401-452b-8491-d9db10825c26	2019-08-29 03:40:00+05:30	2019-08-29 03:49:00+05:30	t	2019-08-28 21:35:41.257+05:30	2019-08-28 21:35:41.257+05:30
06771845-3263-4af4-bdb6-24bf21dc2480	67648a9a-5ef8-4e37-b2f8-b3dbe6197ac4	a6df6bf5-d401-452b-8491-d9db10825c26	e8ce115c-58e8-4b8c-8fb0-e19a3ee35e1b	2019-08-29 03:50:00+05:30	2019-08-29 04:34:00+05:30	t	2019-08-28 21:35:41.274+05:30	2019-08-28 21:35:41.274+05:30
2781696b-a9e9-48bb-9b41-f353df519454	67648a9a-5ef8-4e37-b2f8-b3dbe6197ac4	e8ce115c-58e8-4b8c-8fb0-e19a3ee35e1b	f753475e-2087-4a48-a5e6-84366061d44d	2019-08-29 04:35:00+05:30	2019-08-29 03:56:00+05:30	t	2019-08-28 21:35:41.288+05:30	2019-08-28 21:35:41.288+05:30
c155fd84-be3c-4bbf-99e3-732661b613c6	67648a9a-5ef8-4e37-b2f8-b3dbe6197ac4	f753475e-2087-4a48-a5e6-84366061d44d	f9ca4063-6528-4db0-a918-e463d2959dc1	2019-08-29 03:58:00+05:30	2019-08-29 06:08:00+05:30	t	2019-08-28 21:35:41.305+05:30	2019-08-28 21:35:41.305+05:30
d09dfbf1-3945-4753-8389-c1b911e517a3	67648a9a-5ef8-4e37-b2f8-b3dbe6197ac4	f9ca4063-6528-4db0-a918-e463d2959dc1	048d7684-22be-4c4b-9288-8f1dbc4a47ef	2019-08-29 06:09:00+05:30	2019-08-29 06:32:00+05:30	t	2019-08-28 21:35:41.322+05:30	2019-08-28 21:35:41.322+05:30
b94a1927-9b78-4170-9ec8-109de51142fb	67648a9a-5ef8-4e37-b2f8-b3dbe6197ac4	048d7684-22be-4c4b-9288-8f1dbc4a47ef	92ee104a-27c8-426d-96a4-53f845fb0991	2019-08-29 06:33:00+05:30	2019-08-29 07:30:00+05:30	t	2019-08-28 21:35:41.339+05:30	2019-08-28 21:35:41.339+05:30
f9d5e2e0-1e5a-4ab3-8558-f74a9cd816ba	67648a9a-5ef8-4e37-b2f8-b3dbe6197ac4	92ee104a-27c8-426d-96a4-53f845fb0991	92ee104a-27c8-426d-96a4-53f845fb0991	2019-08-29 07:30:00+05:30	2019-08-29 07:30:00+05:30	t	2019-08-28 21:35:41.355+05:30	2019-08-28 21:35:41.355+05:30
87ff02a9-793b-4520-935a-a099b4b5113e	4d6a1a56-5eff-41cb-85cc-db68004738c6	ccbaae15-1b4a-4136-980b-d2252b878cde	5ee2da1c-6a4a-4c9a-a2f2-8fa946f3c31b	2019-08-28 18:35:00+05:30	2019-08-28 18:48:00+05:30	t	2019-08-28 21:36:59.975+05:30	2019-08-28 21:36:59.975+05:30
e74d9fbf-c55d-47fa-b404-8cf51770e1b2	4d6a1a56-5eff-41cb-85cc-db68004738c6	5ee2da1c-6a4a-4c9a-a2f2-8fa946f3c31b	913aeb48-ef79-490a-8545-50108c9fc115	2019-08-28 18:50:00+05:30	2019-08-28 19:47:00+05:30	t	2019-08-28 21:37:00.029+05:30	2019-08-28 21:37:00.029+05:30
09351dbc-edae-4822-aad4-3ecd5f1f4753	4d6a1a56-5eff-41cb-85cc-db68004738c6	913aeb48-ef79-490a-8545-50108c9fc115	c1c1217d-f873-4459-aba6-f037c1d6a45f	2019-08-28 19:50:00+05:30	2019-08-28 20:13:00+05:30	t	2019-08-28 21:37:00.062+05:30	2019-08-28 21:37:00.062+05:30
9058ce32-9529-4032-8b13-e50bbc3868b4	4d6a1a56-5eff-41cb-85cc-db68004738c6	c1c1217d-f873-4459-aba6-f037c1d6a45f	4c96d494-2610-4546-9062-677a054ce906	2019-08-28 20:15:00+05:30	2019-08-28 20:33:00+05:30	t	2019-08-28 21:37:00.087+05:30	2019-08-28 21:37:00.087+05:30
5780f21b-05c9-48f8-bb7b-0695b305486f	4d6a1a56-5eff-41cb-85cc-db68004738c6	4c96d494-2610-4546-9062-677a054ce906	c866670d-2be3-4202-a498-de0c87843140	2019-08-28 20:35:00+05:30	2019-08-28 21:32:00+05:30	t	2019-08-28 21:37:00.115+05:30	2019-08-28 21:37:00.115+05:30
38be9194-30f3-4c93-a86d-4ad17ab934ef	4d6a1a56-5eff-41cb-85cc-db68004738c6	c866670d-2be3-4202-a498-de0c87843140	c69b6344-d65d-4ba1-9ffb-e464f0e94dac	2019-08-28 21:35:00+05:30	2019-08-28 22:30:00+05:30	t	2019-08-28 21:37:00.139+05:30	2019-08-28 21:37:00.139+05:30
894fe085-978d-4fe3-ab3c-97096eb064cc	4d6a1a56-5eff-41cb-85cc-db68004738c6	c69b6344-d65d-4ba1-9ffb-e464f0e94dac	92496e11-f96e-436c-99d5-c727488862c6	2019-08-28 22:35:00+05:30	2019-08-28 23:00:00+05:30	t	2019-08-28 21:37:00.166+05:30	2019-08-28 21:37:00.166+05:30
d9e5fc34-c16f-4790-a7fd-a1a050ba2214	4d6a1a56-5eff-41cb-85cc-db68004738c6	92496e11-f96e-436c-99d5-c727488862c6	3b869f23-d1c7-4868-b345-6bc702ebecd7	2019-08-28 23:02:00+05:30	2019-08-28 23:40:00+05:30	t	2019-08-28 21:37:00.187+05:30	2019-08-28 21:37:00.187+05:30
c41207a2-52c6-43ba-b6f8-a2fa2173bb24	4d6a1a56-5eff-41cb-85cc-db68004738c6	3b869f23-d1c7-4868-b345-6bc702ebecd7	6192c99a-69de-4989-b810-b50a1aafd3ab	2019-08-28 23:42:00+05:30	2019-08-29 00:45:00+05:30	t	2019-08-28 21:37:00.22+05:30	2019-08-28 21:37:00.22+05:30
91adaa47-b03a-4cae-9aee-f7c369795da1	4d6a1a56-5eff-41cb-85cc-db68004738c6	6192c99a-69de-4989-b810-b50a1aafd3ab	80f01ae2-49ef-446b-9c93-f97d14cdfd0a	2019-08-29 00:50:00+05:30	2019-08-29 01:15:00+05:30	t	2019-08-28 21:37:00.237+05:30	2019-08-28 21:37:00.237+05:30
d8529734-d19d-40b9-96f9-3c031d4c3d23	4d6a1a56-5eff-41cb-85cc-db68004738c6	80f01ae2-49ef-446b-9c93-f97d14cdfd0a	a7da2892-344e-45af-a0a5-917612d8bd3b	2019-08-29 01:17:00+05:30	2019-08-29 02:18:00+05:30	t	2019-08-28 21:37:00.253+05:30	2019-08-28 21:37:00.253+05:30
86a5730d-7d11-4e3b-a479-2affcdb1fa54	4d6a1a56-5eff-41cb-85cc-db68004738c6	a7da2892-344e-45af-a0a5-917612d8bd3b	59ca5373-da52-4571-bf1e-8792722e3e9c	2019-08-29 02:20:00+05:30	2019-08-29 03:25:00+05:30	t	2019-08-28 21:37:00.269+05:30	2019-08-28 21:37:00.269+05:30
80e50194-461d-4a4d-9bbb-6b82393ffcc5	4d6a1a56-5eff-41cb-85cc-db68004738c6	59ca5373-da52-4571-bf1e-8792722e3e9c	2bb0e4b8-27bd-41e2-9959-d91c31c6eb53	2019-08-29 03:30:00+05:30	2019-08-29 04:17:00+05:30	t	2019-08-28 21:37:00.287+05:30	2019-08-28 21:37:00.287+05:30
aca0fc14-7121-4429-9233-0d5588bf65ec	4d6a1a56-5eff-41cb-85cc-db68004738c6	2bb0e4b8-27bd-41e2-9959-d91c31c6eb53	72f2af55-9b93-4f21-b53a-c705789532c6	2019-08-29 04:19:00+05:30	2019-08-29 05:03:00+05:30	t	2019-08-28 21:37:00.303+05:30	2019-08-28 21:37:00.303+05:30
89df36ed-f0c3-4a19-85ef-74a66c2bc11e	4d6a1a56-5eff-41cb-85cc-db68004738c6	72f2af55-9b93-4f21-b53a-c705789532c6	38769de3-f2af-4d8b-9804-9a9ea0b2ab15	2019-08-29 05:05:00+05:30	2019-08-29 06:05:00+05:30	t	2019-08-28 21:37:00.319+05:30	2019-08-28 21:37:00.319+05:30
fd0bff65-8ce5-4671-9f4c-d338b23b5b1f	4d6a1a56-5eff-41cb-85cc-db68004738c6	38769de3-f2af-4d8b-9804-9a9ea0b2ab15	bcf42d17-0484-4d84-aae0-fe80aecdf3c8	2019-08-29 06:10:00+05:30	2019-08-29 08:05:00+05:30	t	2019-08-28 21:37:00.335+05:30	2019-08-28 21:37:00.335+05:30
8af78f02-1e6f-4ca0-83d9-ebae86f74e96	4d6a1a56-5eff-41cb-85cc-db68004738c6	bcf42d17-0484-4d84-aae0-fe80aecdf3c8	a4a8eb27-2641-4739-a04c-8d28a7040a52	2019-08-29 08:20:00+05:30	2019-08-29 09:50:00+05:30	t	2019-08-28 21:37:00.352+05:30	2019-08-28 21:37:00.352+05:30
7dce3083-d768-4abe-ae01-93f440b016c3	4d6a1a56-5eff-41cb-85cc-db68004738c6	a4a8eb27-2641-4739-a04c-8d28a7040a52	a4a8eb27-2641-4739-a04c-8d28a7040a52	2019-08-29 09:50:00+05:30	2019-08-29 09:50:00+05:30	t	2019-08-28 21:37:00.369+05:30	2019-08-28 21:37:00.369+05:30
fa89e504-58c2-44be-a24c-e8a38eba7cd4	4d6a1a56-5eff-41cb-85cc-db68004738c6	ccbaae15-1b4a-4136-980b-d2252b878cde	5ee2da1c-6a4a-4c9a-a2f2-8fa946f3c31b	2019-08-29 18:35:00+05:30	2019-08-29 18:43:00+05:30	t	2019-08-29 12:11:24.578+05:30	2019-08-29 12:11:24.578+05:30
990c68c5-92e2-4310-93a5-812c1a02146c	4d6a1a56-5eff-41cb-85cc-db68004738c6	5ee2da1c-6a4a-4c9a-a2f2-8fa946f3c31b	913aeb48-ef79-490a-8545-50108c9fc115	2019-08-29 18:45:00+05:30	2019-08-29 19:42:00+05:30	t	2019-08-29 12:11:24.613+05:30	2019-08-29 12:11:24.613+05:30
94116285-9caf-4793-8d78-5f549ffc7dfc	4d6a1a56-5eff-41cb-85cc-db68004738c6	913aeb48-ef79-490a-8545-50108c9fc115	c1c1217d-f873-4459-aba6-f037c1d6a45f	2019-08-29 19:45:00+05:30	2019-08-29 20:08:00+05:30	t	2019-08-29 12:11:24.64+05:30	2019-08-29 12:11:24.64+05:30
a6fce28f-0b3f-4b8a-83d7-6b2e059a02a5	4d6a1a56-5eff-41cb-85cc-db68004738c6	c1c1217d-f873-4459-aba6-f037c1d6a45f	4c96d494-2610-4546-9062-677a054ce906	2019-08-29 20:10:00+05:30	2019-08-29 20:28:00+05:30	t	2019-08-29 12:11:24.665+05:30	2019-08-29 12:11:24.665+05:30
32893565-e11d-48a8-9c3c-0a2da7a92b2d	4d6a1a56-5eff-41cb-85cc-db68004738c6	4c96d494-2610-4546-9062-677a054ce906	c866670d-2be3-4202-a498-de0c87843140	2019-08-29 20:30:00+05:30	2019-08-29 21:27:00+05:30	t	2019-08-29 12:11:24.681+05:30	2019-08-29 12:11:24.681+05:30
866bc011-20dc-45a5-b076-f6607431593f	4d6a1a56-5eff-41cb-85cc-db68004738c6	c866670d-2be3-4202-a498-de0c87843140	c69b6344-d65d-4ba1-9ffb-e464f0e94dac	2019-08-29 21:30:00+05:30	2019-08-29 22:25:00+05:30	t	2019-08-29 12:11:24.698+05:30	2019-08-29 12:11:24.698+05:30
5c94991d-1025-444c-83df-74ca9d51f929	4d6a1a56-5eff-41cb-85cc-db68004738c6	c69b6344-d65d-4ba1-9ffb-e464f0e94dac	92496e11-f96e-436c-99d5-c727488862c6	2019-08-29 22:30:00+05:30	2019-08-29 22:58:00+05:30	t	2019-08-29 12:11:24.714+05:30	2019-08-29 12:11:24.714+05:30
d5f285b9-3399-42fe-8834-cf5958446676	4d6a1a56-5eff-41cb-85cc-db68004738c6	92496e11-f96e-436c-99d5-c727488862c6	3b869f23-d1c7-4868-b345-6bc702ebecd7	2019-08-29 23:00:00+05:30	2019-08-29 23:33:00+05:30	t	2019-08-29 12:11:24.73+05:30	2019-08-29 12:11:24.73+05:30
52728b45-f9a8-4ce4-a289-ec9ee70eba15	4d6a1a56-5eff-41cb-85cc-db68004738c6	3b869f23-d1c7-4868-b345-6bc702ebecd7	6192c99a-69de-4989-b810-b50a1aafd3ab	2019-08-29 23:35:00+05:30	2019-08-30 00:40:00+05:30	t	2019-08-29 12:11:24.757+05:30	2019-08-29 12:11:24.757+05:30
451fe195-6eb6-420b-b9b2-08642ae7ce93	4d6a1a56-5eff-41cb-85cc-db68004738c6	6192c99a-69de-4989-b810-b50a1aafd3ab	80f01ae2-49ef-446b-9c93-f97d14cdfd0a	2019-08-30 00:45:00+05:30	2019-08-30 01:10:00+05:30	t	2019-08-29 12:11:24.782+05:30	2019-08-29 12:11:24.782+05:30
1d174762-eaf5-4a7e-9729-7b42adda18bf	4d6a1a56-5eff-41cb-85cc-db68004738c6	80f01ae2-49ef-446b-9c93-f97d14cdfd0a	a7da2892-344e-45af-a0a5-917612d8bd3b	2019-08-30 01:12:00+05:30	2019-08-30 02:08:00+05:30	t	2019-08-29 12:11:24.796+05:30	2019-08-29 12:11:24.796+05:30
6f8a587a-5337-4462-9bd9-ea0b4db81e7e	4d6a1a56-5eff-41cb-85cc-db68004738c6	a7da2892-344e-45af-a0a5-917612d8bd3b	59ca5373-da52-4571-bf1e-8792722e3e9c	2019-08-30 02:10:00+05:30	2019-08-30 03:20:00+05:30	t	2019-08-29 12:11:24.813+05:30	2019-08-29 12:11:24.813+05:30
bb66c2ab-284e-41fe-ade3-3a1f4a82a207	4d6a1a56-5eff-41cb-85cc-db68004738c6	59ca5373-da52-4571-bf1e-8792722e3e9c	2bb0e4b8-27bd-41e2-9959-d91c31c6eb53	2019-08-30 03:25:00+05:30	2019-08-30 04:08:00+05:30	t	2019-08-29 12:11:24.831+05:30	2019-08-29 12:11:24.831+05:30
19ead229-ee73-4aac-bc18-eb3ce3dfb397	4d6a1a56-5eff-41cb-85cc-db68004738c6	2bb0e4b8-27bd-41e2-9959-d91c31c6eb53	72f2af55-9b93-4f21-b53a-c705789532c6	2019-08-30 04:10:00+05:30	2019-08-30 04:58:00+05:30	t	2019-08-29 12:11:24.849+05:30	2019-08-29 12:11:24.849+05:30
eafe449b-9f15-401b-b0b3-fcd417322d8a	4d6a1a56-5eff-41cb-85cc-db68004738c6	72f2af55-9b93-4f21-b53a-c705789532c6	38769de3-f2af-4d8b-9804-9a9ea0b2ab15	2019-08-30 05:00:00+05:30	2019-08-30 05:50:00+05:30	t	2019-08-29 12:11:24.864+05:30	2019-08-29 12:11:24.864+05:30
14a2d873-a813-4ee9-b7ae-e033d8afda3e	4d6a1a56-5eff-41cb-85cc-db68004738c6	38769de3-f2af-4d8b-9804-9a9ea0b2ab15	bcf42d17-0484-4d84-aae0-fe80aecdf3c8	2019-08-30 05:55:00+05:30	2019-08-30 08:00:00+05:30	t	2019-08-29 12:11:24.879+05:30	2019-08-29 12:11:24.879+05:30
a8a39628-a967-417b-b96d-f0aceff232cf	4d6a1a56-5eff-41cb-85cc-db68004738c6	bcf42d17-0484-4d84-aae0-fe80aecdf3c8	a4a8eb27-2641-4739-a04c-8d28a7040a52	2019-08-30 08:15:00+05:30	2019-08-30 09:45:00+05:30	t	2019-08-29 12:11:24.899+05:30	2019-08-29 12:11:24.899+05:30
e08bffe5-4a13-43c3-8940-83c0294ecac7	4d6a1a56-5eff-41cb-85cc-db68004738c6	a4a8eb27-2641-4739-a04c-8d28a7040a52	a4a8eb27-2641-4739-a04c-8d28a7040a52	2019-08-30 09:45:00+05:30	2019-08-30 09:45:00+05:30	t	2019-08-29 12:11:24.912+05:30	2019-08-29 12:11:24.912+05:30
060b35f2-e318-4d1d-8daa-8056c4d47e67	67648a9a-5ef8-4e37-b2f8-b3dbe6197ac4	55d58ee4-d94c-45bc-ac34-b7bf9358f75c	a6e16b7d-f0f6-4f90-a5c0-2dd224f02646	2019-08-29 12:45:00+05:30	2019-08-29 12:57:00+05:30	t	2019-08-29 12:15:45.847+05:30	2019-08-29 12:15:45.847+05:30
1dee2002-8aee-4f8d-9cc0-b50c948556d2	67648a9a-5ef8-4e37-b2f8-b3dbe6197ac4	a6e16b7d-f0f6-4f90-a5c0-2dd224f02646	fb19ec0b-0933-4166-90b8-1839f1a2bae8	2019-08-29 13:00:00+05:30	2019-08-29 13:37:00+05:30	t	2019-08-29 12:15:45.886+05:30	2019-08-29 12:15:45.886+05:30
51bee71d-c655-4b3f-87ee-26f1ece623ce	67648a9a-5ef8-4e37-b2f8-b3dbe6197ac4	fb19ec0b-0933-4166-90b8-1839f1a2bae8	cff9ab82-404e-4368-a2b8-e95e239550d6	2019-08-29 13:40:00+05:30	2019-08-29 14:18:00+05:30	t	2019-08-29 12:15:45.915+05:30	2019-08-29 12:15:45.915+05:30
a8c720b0-d7b7-4529-849f-0cda89125462	67648a9a-5ef8-4e37-b2f8-b3dbe6197ac4	cff9ab82-404e-4368-a2b8-e95e239550d6	5342f1ef-bf93-4df0-b1b5-8d0e5f86019c	2019-08-29 14:20:00+05:30	2019-08-29 15:07:00+05:30	t	2019-08-29 12:15:45.936+05:30	2019-08-29 12:15:45.936+05:30
f5ee9860-6bd9-4cd6-8f94-6d2492fa3260	67648a9a-5ef8-4e37-b2f8-b3dbe6197ac4	5342f1ef-bf93-4df0-b1b5-8d0e5f86019c	a4a8eb27-2641-4739-a04c-8d28a7040a52	2019-08-29 15:10:00+05:30	2019-08-29 16:30:00+05:30	t	2019-08-29 12:15:45.951+05:30	2019-08-29 12:15:45.951+05:30
6dcc4080-c267-4f60-855b-e0f8543c4b9a	67648a9a-5ef8-4e37-b2f8-b3dbe6197ac4	a4a8eb27-2641-4739-a04c-8d28a7040a52	8a55b013-710e-4396-8e11-3cf9a2ab57ac	2019-08-29 16:35:00+05:30	2019-08-29 17:04:00+05:30	t	2019-08-29 12:15:45.968+05:30	2019-08-29 12:15:45.968+05:30
2d2d2b86-4f48-464b-9c4c-7d5d38d15bbf	67648a9a-5ef8-4e37-b2f8-b3dbe6197ac4	8a55b013-710e-4396-8e11-3cf9a2ab57ac	fd4223e5-6481-4fd6-9d58-9b1a3874dba6	2019-08-29 17:05:00+05:30	2019-08-29 17:24:00+05:30	t	2019-08-29 12:15:45.984+05:30	2019-08-29 12:15:45.984+05:30
50540999-dbec-4f14-8811-4bdedd903acd	67648a9a-5ef8-4e37-b2f8-b3dbe6197ac4	fd4223e5-6481-4fd6-9d58-9b1a3874dba6	bcf42d17-0484-4d84-aae0-fe80aecdf3c8	2019-08-29 17:25:00+05:30	2019-08-29 18:10:00+05:30	t	2019-08-29 12:15:46.001+05:30	2019-08-29 12:15:46.001+05:30
61446fa4-15a4-471b-baee-befbefb334bc	67648a9a-5ef8-4e37-b2f8-b3dbe6197ac4	bcf42d17-0484-4d84-aae0-fe80aecdf3c8	3a93ac8e-fafe-434a-928a-ffbf178f4241	2019-08-29 18:15:00+05:30	2019-08-29 18:38:00+05:30	t	2019-08-29 12:15:46.017+05:30	2019-08-29 12:15:46.017+05:30
79b87576-b020-445d-918f-9e6b7acc6477	67648a9a-5ef8-4e37-b2f8-b3dbe6197ac4	3a93ac8e-fafe-434a-928a-ffbf178f4241	f4762903-53a6-41de-b7f2-f226e772fdb8	2019-08-29 18:40:00+05:30	2019-08-29 19:15:00+05:30	t	2019-08-29 12:15:46.034+05:30	2019-08-29 12:15:46.034+05:30
5fc2dcf8-a39a-46b2-a27d-ce732dc01089	67648a9a-5ef8-4e37-b2f8-b3dbe6197ac4	f4762903-53a6-41de-b7f2-f226e772fdb8	5e1ce8aa-a69b-4c4b-ab81-7f29ba66a34e	2019-08-29 19:17:00+05:30	2019-08-29 19:40:00+05:30	t	2019-08-29 12:15:46.051+05:30	2019-08-29 12:15:46.051+05:30
b47c6001-1bbf-4919-8999-96e1e8784207	67648a9a-5ef8-4e37-b2f8-b3dbe6197ac4	5e1ce8aa-a69b-4c4b-ab81-7f29ba66a34e	0e55c273-f43d-4510-b969-133dbc350ea3	2019-08-29 19:42:00+05:30	2019-08-29 20:08:00+05:30	t	2019-08-29 12:15:46.067+05:30	2019-08-29 12:15:46.067+05:30
5072a896-11be-4b72-9c69-858c3d7cd961	67648a9a-5ef8-4e37-b2f8-b3dbe6197ac4	0e55c273-f43d-4510-b969-133dbc350ea3	4fcde471-b888-4798-899e-5ffc38a248c9	2019-08-29 20:10:00+05:30	2019-08-29 22:15:00+05:30	t	2019-08-29 12:15:46.084+05:30	2019-08-29 12:15:46.084+05:30
c41981f6-b1f5-4d05-8d0b-e350137d26ca	67648a9a-5ef8-4e37-b2f8-b3dbe6197ac4	4fcde471-b888-4798-899e-5ffc38a248c9	00758704-00cc-4728-90f0-a017adc696bd	2019-08-29 22:20:00+05:30	2019-08-29 23:28:00+05:30	t	2019-08-29 12:15:46.101+05:30	2019-08-29 12:15:46.101+05:30
6c4b6a13-de26-4dcb-8cd3-90de7ff328ca	67648a9a-5ef8-4e37-b2f8-b3dbe6197ac4	00758704-00cc-4728-90f0-a017adc696bd	c27459d3-a528-43d0-bc12-0e7bf02f6ae1	2019-08-29 23:30:00+05:30	2019-08-30 00:27:00+05:30	t	2019-08-29 12:15:46.117+05:30	2019-08-29 12:15:46.117+05:30
83c86b6b-2d37-4ca9-8ccf-c2c73509e6aa	67648a9a-5ef8-4e37-b2f8-b3dbe6197ac4	c27459d3-a528-43d0-bc12-0e7bf02f6ae1	d0f35280-a35f-48ed-a2e9-e0837e209265	2019-08-30 00:30:00+05:30	2019-08-30 00:58:00+05:30	t	2019-08-29 12:15:46.134+05:30	2019-08-29 12:15:46.134+05:30
88d8b272-be82-4e1f-8a7c-613445cf4d7f	67648a9a-5ef8-4e37-b2f8-b3dbe6197ac4	d0f35280-a35f-48ed-a2e9-e0837e209265	592ec13f-277e-4a19-a025-c4e5e5423be6	2019-08-30 01:00:00+05:30	2019-08-30 01:25:00+05:30	t	2019-08-29 12:15:46.152+05:30	2019-08-29 12:15:46.152+05:30
3faaacd9-49b3-430b-8390-82432dfeca3f	67648a9a-5ef8-4e37-b2f8-b3dbe6197ac4	592ec13f-277e-4a19-a025-c4e5e5423be6	6ac656a2-bab9-4ca5-bde7-62e812b18818	2019-08-30 01:30:00+05:30	2019-08-30 01:54:00+05:30	t	2019-08-29 12:15:46.168+05:30	2019-08-29 12:15:46.168+05:30
11a485d9-c84c-4714-9da9-6574baaf21af	67648a9a-5ef8-4e37-b2f8-b3dbe6197ac4	6ac656a2-bab9-4ca5-bde7-62e812b18818	0674ac5c-3f90-4353-9207-acb95c2d4686	2019-08-30 01:55:00+05:30	2019-08-30 02:04:00+05:30	t	2019-08-29 12:15:46.183+05:30	2019-08-29 12:15:46.183+05:30
017ea631-af82-49be-9814-22158eb021a8	67648a9a-5ef8-4e37-b2f8-b3dbe6197ac4	0674ac5c-3f90-4353-9207-acb95c2d4686	a6df6bf5-d401-452b-8491-d9db10825c26	2019-08-30 02:05:00+05:30	2019-08-30 02:14:00+05:30	t	2019-08-29 12:15:46.202+05:30	2019-08-29 12:15:46.202+05:30
8418954a-b0c5-4291-8374-c656af336a2b	67648a9a-5ef8-4e37-b2f8-b3dbe6197ac4	a6df6bf5-d401-452b-8491-d9db10825c26	e8ce115c-58e8-4b8c-8fb0-e19a3ee35e1b	2019-08-30 02:15:00+05:30	2019-08-30 02:59:00+05:30	t	2019-08-29 12:15:46.217+05:30	2019-08-29 12:15:46.217+05:30
669c76fb-11cd-4c35-8a8b-a1d8ce41efdb	67648a9a-5ef8-4e37-b2f8-b3dbe6197ac4	e8ce115c-58e8-4b8c-8fb0-e19a3ee35e1b	f753475e-2087-4a48-a5e6-84366061d44d	2019-08-30 03:00:00+05:30	2019-08-30 03:53:00+05:30	t	2019-08-29 12:15:46.234+05:30	2019-08-29 12:15:46.234+05:30
4cfda594-e55b-4928-917e-155e01bc52df	67648a9a-5ef8-4e37-b2f8-b3dbe6197ac4	f753475e-2087-4a48-a5e6-84366061d44d	f9ca4063-6528-4db0-a918-e463d2959dc1	2019-08-30 03:55:00+05:30	2019-08-30 04:33:00+05:30	t	2019-08-29 12:15:46.25+05:30	2019-08-29 12:15:46.25+05:30
11d7ec23-798e-4c96-b8b7-0d3ffa4ff7db	67648a9a-5ef8-4e37-b2f8-b3dbe6197ac4	f9ca4063-6528-4db0-a918-e463d2959dc1	048d7684-22be-4c4b-9288-8f1dbc4a47ef	2019-08-30 04:34:00+05:30	2019-08-30 04:57:00+05:30	t	2019-08-29 12:15:46.267+05:30	2019-08-29 12:15:46.267+05:30
1ef002ae-59ec-4e7d-be00-3bb2358b1136	67648a9a-5ef8-4e37-b2f8-b3dbe6197ac4	048d7684-22be-4c4b-9288-8f1dbc4a47ef	92ee104a-27c8-426d-96a4-53f845fb0991	2019-08-30 04:58:00+05:30	2019-08-30 05:55:00+05:30	t	2019-08-29 12:15:46.289+05:30	2019-08-29 12:15:46.289+05:30
451ec7ae-4eab-4b26-9857-9225bf3047b9	67648a9a-5ef8-4e37-b2f8-b3dbe6197ac4	92ee104a-27c8-426d-96a4-53f845fb0991	92ee104a-27c8-426d-96a4-53f845fb0991	2019-08-30 05:55:00+05:30	2019-08-30 05:55:00+05:30	t	2019-08-29 12:15:46.313+05:30	2019-08-29 12:15:46.313+05:30
c07eef71-c0da-474a-9d5d-fae970870442	67648a9a-5ef8-4e37-b2f8-b3dbe6197ac4	55d58ee4-d94c-45bc-ac34-b7bf9358f75c	a6e16b7d-f0f6-4f90-a5c0-2dd224f02646	2019-08-30 12:45:00+05:30	2019-08-30 12:57:00+05:30	t	2019-08-30 12:50:16.196+05:30	2019-08-30 12:50:16.196+05:30
50bd4083-58f6-485d-8d74-da38854bf210	67648a9a-5ef8-4e37-b2f8-b3dbe6197ac4	a6e16b7d-f0f6-4f90-a5c0-2dd224f02646	fb19ec0b-0933-4166-90b8-1839f1a2bae8	2019-08-30 13:00:00+05:30	2019-08-30 13:37:00+05:30	t	2019-08-30 12:50:16.231+05:30	2019-08-30 12:50:16.231+05:30
19347267-961e-4172-a740-8f23ff79ff14	67648a9a-5ef8-4e37-b2f8-b3dbe6197ac4	fb19ec0b-0933-4166-90b8-1839f1a2bae8	cff9ab82-404e-4368-a2b8-e95e239550d6	2019-08-30 13:40:00+05:30	2019-08-30 14:18:00+05:30	t	2019-08-30 12:50:16.247+05:30	2019-08-30 12:50:16.247+05:30
6262e770-ed10-4bf4-9f86-b5b600a51906	67648a9a-5ef8-4e37-b2f8-b3dbe6197ac4	cff9ab82-404e-4368-a2b8-e95e239550d6	5342f1ef-bf93-4df0-b1b5-8d0e5f86019c	2019-08-30 14:20:00+05:30	2019-08-30 15:07:00+05:30	t	2019-08-30 12:50:16.264+05:30	2019-08-30 12:50:16.264+05:30
a31a16ff-e7a3-44bf-9440-38e758bf7976	67648a9a-5ef8-4e37-b2f8-b3dbe6197ac4	5342f1ef-bf93-4df0-b1b5-8d0e5f86019c	a4a8eb27-2641-4739-a04c-8d28a7040a52	2019-08-30 15:10:00+05:30	2019-08-30 16:30:00+05:30	t	2019-08-30 12:50:16.282+05:30	2019-08-30 12:50:16.282+05:30
90d54097-1f6e-4ded-bc6f-3658249cd8c0	67648a9a-5ef8-4e37-b2f8-b3dbe6197ac4	a4a8eb27-2641-4739-a04c-8d28a7040a52	8a55b013-710e-4396-8e11-3cf9a2ab57ac	2019-08-30 16:35:00+05:30	2019-08-30 17:04:00+05:30	t	2019-08-30 12:50:16.297+05:30	2019-08-30 12:50:16.297+05:30
b512d853-b08d-4609-9446-01f1c06602e3	67648a9a-5ef8-4e37-b2f8-b3dbe6197ac4	8a55b013-710e-4396-8e11-3cf9a2ab57ac	fd4223e5-6481-4fd6-9d58-9b1a3874dba6	2019-08-30 17:05:00+05:30	2019-08-30 17:24:00+05:30	t	2019-08-30 12:50:16.314+05:30	2019-08-30 12:50:16.314+05:30
862fed07-6aa3-4af4-937c-bfcfb6816d95	67648a9a-5ef8-4e37-b2f8-b3dbe6197ac4	fd4223e5-6481-4fd6-9d58-9b1a3874dba6	bcf42d17-0484-4d84-aae0-fe80aecdf3c8	2019-08-30 17:25:00+05:30	2019-08-30 18:10:00+05:30	t	2019-08-30 12:50:16.331+05:30	2019-08-30 12:50:16.331+05:30
d4db321a-f3bc-4d59-99ec-2a31494838f8	67648a9a-5ef8-4e37-b2f8-b3dbe6197ac4	bcf42d17-0484-4d84-aae0-fe80aecdf3c8	3a93ac8e-fafe-434a-928a-ffbf178f4241	2019-08-30 18:15:00+05:30	2019-08-30 18:38:00+05:30	t	2019-08-30 12:50:16.348+05:30	2019-08-30 12:50:16.348+05:30
8788383a-4f15-4645-92f4-f541a94015ef	67648a9a-5ef8-4e37-b2f8-b3dbe6197ac4	3a93ac8e-fafe-434a-928a-ffbf178f4241	f4762903-53a6-41de-b7f2-f226e772fdb8	2019-08-30 18:40:00+05:30	2019-08-30 19:15:00+05:30	t	2019-08-30 12:50:16.365+05:30	2019-08-30 12:50:16.365+05:30
46367b5e-65a5-4792-8732-786942e0de9d	67648a9a-5ef8-4e37-b2f8-b3dbe6197ac4	f4762903-53a6-41de-b7f2-f226e772fdb8	5e1ce8aa-a69b-4c4b-ab81-7f29ba66a34e	2019-08-30 19:17:00+05:30	2019-08-30 19:40:00+05:30	t	2019-08-30 12:50:16.381+05:30	2019-08-30 12:50:16.381+05:30
42147f6e-cdb5-465b-9306-d4b4b1226d1c	67648a9a-5ef8-4e37-b2f8-b3dbe6197ac4	5e1ce8aa-a69b-4c4b-ab81-7f29ba66a34e	0e55c273-f43d-4510-b969-133dbc350ea3	2019-08-30 19:42:00+05:30	2019-08-30 20:08:00+05:30	t	2019-08-30 12:50:16.397+05:30	2019-08-30 12:50:16.397+05:30
86a8c147-7d22-41c1-836c-6a9277b29f99	67648a9a-5ef8-4e37-b2f8-b3dbe6197ac4	0e55c273-f43d-4510-b969-133dbc350ea3	4fcde471-b888-4798-899e-5ffc38a248c9	2019-08-30 20:10:00+05:30	2019-08-30 22:15:00+05:30	t	2019-08-30 12:50:16.415+05:30	2019-08-30 12:50:16.415+05:30
448630f9-6573-4ccf-82c4-7754ef5a70f0	67648a9a-5ef8-4e37-b2f8-b3dbe6197ac4	4fcde471-b888-4798-899e-5ffc38a248c9	00758704-00cc-4728-90f0-a017adc696bd	2019-08-30 22:20:00+05:30	2019-08-30 23:28:00+05:30	t	2019-08-30 12:50:16.432+05:30	2019-08-30 12:50:16.432+05:30
257d80d3-0c5f-4b61-a05e-40fa4c341a95	67648a9a-5ef8-4e37-b2f8-b3dbe6197ac4	00758704-00cc-4728-90f0-a017adc696bd	c27459d3-a528-43d0-bc12-0e7bf02f6ae1	2019-08-30 23:30:00+05:30	2019-08-31 00:27:00+05:30	t	2019-08-30 12:50:16.448+05:30	2019-08-30 12:50:16.448+05:30
8abbe98d-ccf9-43b5-826f-ae8f10ab14e2	67648a9a-5ef8-4e37-b2f8-b3dbe6197ac4	c27459d3-a528-43d0-bc12-0e7bf02f6ae1	d0f35280-a35f-48ed-a2e9-e0837e209265	2019-08-31 00:30:00+05:30	2019-08-31 00:58:00+05:30	t	2019-08-30 12:50:16.464+05:30	2019-08-30 12:50:16.464+05:30
6fdb88e9-ef1c-453c-9ebb-8607910e0c4a	67648a9a-5ef8-4e37-b2f8-b3dbe6197ac4	d0f35280-a35f-48ed-a2e9-e0837e209265	592ec13f-277e-4a19-a025-c4e5e5423be6	2019-08-31 01:00:00+05:30	2019-08-31 01:25:00+05:30	t	2019-08-30 12:50:16.481+05:30	2019-08-30 12:50:16.481+05:30
2df3f845-87de-4d66-9cf9-8e9b30c41fa5	67648a9a-5ef8-4e37-b2f8-b3dbe6197ac4	592ec13f-277e-4a19-a025-c4e5e5423be6	6ac656a2-bab9-4ca5-bde7-62e812b18818	2019-08-31 01:30:00+05:30	2019-08-31 01:54:00+05:30	t	2019-08-30 12:50:16.497+05:30	2019-08-30 12:50:16.497+05:30
ce65bd80-6549-4fea-81ed-79de9856896e	67648a9a-5ef8-4e37-b2f8-b3dbe6197ac4	6ac656a2-bab9-4ca5-bde7-62e812b18818	0674ac5c-3f90-4353-9207-acb95c2d4686	2019-08-31 01:55:00+05:30	2019-08-31 02:04:00+05:30	t	2019-08-30 12:50:16.514+05:30	2019-08-30 12:50:16.514+05:30
41a32f88-2c3e-40c0-b989-25157efc8742	67648a9a-5ef8-4e37-b2f8-b3dbe6197ac4	0674ac5c-3f90-4353-9207-acb95c2d4686	a6df6bf5-d401-452b-8491-d9db10825c26	2019-08-31 02:05:00+05:30	2019-08-31 02:14:00+05:30	t	2019-08-30 12:50:16.531+05:30	2019-08-30 12:50:16.531+05:30
0f6b83af-f0bb-4733-8af3-7cd38b46286f	67648a9a-5ef8-4e37-b2f8-b3dbe6197ac4	a6df6bf5-d401-452b-8491-d9db10825c26	e8ce115c-58e8-4b8c-8fb0-e19a3ee35e1b	2019-08-31 02:15:00+05:30	2019-08-31 02:59:00+05:30	t	2019-08-30 12:50:16.547+05:30	2019-08-30 12:50:16.547+05:30
55a35440-1f9f-4635-8434-ee523ee5dd9c	67648a9a-5ef8-4e37-b2f8-b3dbe6197ac4	e8ce115c-58e8-4b8c-8fb0-e19a3ee35e1b	f753475e-2087-4a48-a5e6-84366061d44d	2019-08-31 03:00:00+05:30	2019-08-31 03:53:00+05:30	t	2019-08-30 12:50:16.565+05:30	2019-08-30 12:50:16.565+05:30
b930bef5-f0bc-449b-8f90-7e0c2d18f1c3	67648a9a-5ef8-4e37-b2f8-b3dbe6197ac4	f753475e-2087-4a48-a5e6-84366061d44d	f9ca4063-6528-4db0-a918-e463d2959dc1	2019-08-31 03:55:00+05:30	2019-08-31 04:33:00+05:30	t	2019-08-30 12:50:16.58+05:30	2019-08-30 12:50:16.58+05:30
0e9a6fe5-d2e4-4c01-8cbf-9844cffc1eae	67648a9a-5ef8-4e37-b2f8-b3dbe6197ac4	f9ca4063-6528-4db0-a918-e463d2959dc1	048d7684-22be-4c4b-9288-8f1dbc4a47ef	2019-08-31 04:34:00+05:30	2019-08-31 04:57:00+05:30	t	2019-08-30 12:50:16.598+05:30	2019-08-30 12:50:16.598+05:30
b9288acd-ba75-4443-a286-d8e9b3528a16	67648a9a-5ef8-4e37-b2f8-b3dbe6197ac4	048d7684-22be-4c4b-9288-8f1dbc4a47ef	92ee104a-27c8-426d-96a4-53f845fb0991	2019-08-31 04:58:00+05:30	2019-08-31 05:55:00+05:30	t	2019-08-30 12:50:16.614+05:30	2019-08-30 12:50:16.614+05:30
382cd3c5-7e55-439e-90ba-edf65a9eb978	67648a9a-5ef8-4e37-b2f8-b3dbe6197ac4	92ee104a-27c8-426d-96a4-53f845fb0991	92ee104a-27c8-426d-96a4-53f845fb0991	2019-08-31 05:55:00+05:30	2019-08-31 05:55:00+05:30	t	2019-08-30 12:50:16.632+05:30	2019-08-30 12:50:16.632+05:30
69aa49a0-8e5f-47d8-a801-0ed25b6231c3	4d6a1a56-5eff-41cb-85cc-db68004738c6	ccbaae15-1b4a-4136-980b-d2252b878cde	5ee2da1c-6a4a-4c9a-a2f2-8fa946f3c31b	2019-08-30 18:35:00+05:30	2019-08-30 18:43:00+05:30	t	2019-08-30 12:56:29.556+05:30	2019-08-30 12:56:29.556+05:30
414ee44c-1e83-4d0f-95ec-43ef5e8ebebd	4d6a1a56-5eff-41cb-85cc-db68004738c6	5ee2da1c-6a4a-4c9a-a2f2-8fa946f3c31b	913aeb48-ef79-490a-8545-50108c9fc115	2019-08-30 18:45:00+05:30	2019-08-30 19:42:00+05:30	t	2019-08-30 12:56:29.606+05:30	2019-08-30 12:56:29.606+05:30
06543354-127a-45dd-9568-cae38ea0438f	4d6a1a56-5eff-41cb-85cc-db68004738c6	913aeb48-ef79-490a-8545-50108c9fc115	c1c1217d-f873-4459-aba6-f037c1d6a45f	2019-08-30 19:45:00+05:30	2019-08-30 20:08:00+05:30	t	2019-08-30 12:56:29.623+05:30	2019-08-30 12:56:29.623+05:30
e8d0a23e-6edf-4ab8-901b-ec13e76bee93	4d6a1a56-5eff-41cb-85cc-db68004738c6	c1c1217d-f873-4459-aba6-f037c1d6a45f	4c96d494-2610-4546-9062-677a054ce906	2019-08-30 20:10:00+05:30	2019-08-30 20:28:00+05:30	t	2019-08-30 12:56:29.642+05:30	2019-08-30 12:56:29.642+05:30
78b24729-c369-4e28-b0f8-211ac8787d24	4d6a1a56-5eff-41cb-85cc-db68004738c6	4c96d494-2610-4546-9062-677a054ce906	c866670d-2be3-4202-a498-de0c87843140	2019-08-30 20:30:00+05:30	2019-08-30 21:27:00+05:30	t	2019-08-30 12:56:29.656+05:30	2019-08-30 12:56:29.656+05:30
f0f708b7-73fe-4221-9222-d0db4b2536fe	4d6a1a56-5eff-41cb-85cc-db68004738c6	c866670d-2be3-4202-a498-de0c87843140	c69b6344-d65d-4ba1-9ffb-e464f0e94dac	2019-08-30 21:30:00+05:30	2019-08-30 22:25:00+05:30	t	2019-08-30 12:56:29.676+05:30	2019-08-30 12:56:29.676+05:30
9d52ffd5-62b4-437c-b037-c61df10b8d2c	4d6a1a56-5eff-41cb-85cc-db68004738c6	c69b6344-d65d-4ba1-9ffb-e464f0e94dac	92496e11-f96e-436c-99d5-c727488862c6	2019-08-30 22:30:00+05:30	2019-08-30 22:58:00+05:30	t	2019-08-30 12:56:29.702+05:30	2019-08-30 12:56:29.702+05:30
b268af85-0024-4cd4-8d29-bdbfc168af3d	4d6a1a56-5eff-41cb-85cc-db68004738c6	92496e11-f96e-436c-99d5-c727488862c6	3b869f23-d1c7-4868-b345-6bc702ebecd7	2019-08-30 23:00:00+05:30	2019-08-30 23:33:00+05:30	t	2019-08-30 12:56:29.727+05:30	2019-08-30 12:56:29.727+05:30
f64e23e2-9cf7-44cf-bfd4-a2ec7e562869	4d6a1a56-5eff-41cb-85cc-db68004738c6	3b869f23-d1c7-4868-b345-6bc702ebecd7	6192c99a-69de-4989-b810-b50a1aafd3ab	2019-08-30 23:35:00+05:30	2019-08-31 00:40:00+05:30	t	2019-08-30 12:56:29.75+05:30	2019-08-30 12:56:29.75+05:30
16a45198-1518-4ff0-920d-cbc7fda401b2	4d6a1a56-5eff-41cb-85cc-db68004738c6	6192c99a-69de-4989-b810-b50a1aafd3ab	80f01ae2-49ef-446b-9c93-f97d14cdfd0a	2019-08-31 00:45:00+05:30	2019-08-31 01:10:00+05:30	t	2019-08-30 12:56:29.772+05:30	2019-08-30 12:56:29.772+05:30
34ddb255-f3b4-4f85-be1d-3ff903436e0e	4d6a1a56-5eff-41cb-85cc-db68004738c6	80f01ae2-49ef-446b-9c93-f97d14cdfd0a	a7da2892-344e-45af-a0a5-917612d8bd3b	2019-08-31 01:12:00+05:30	2019-08-31 02:08:00+05:30	t	2019-08-30 12:56:29.789+05:30	2019-08-30 12:56:29.789+05:30
50f7ee35-3501-43e2-8adc-f633b158b708	4d6a1a56-5eff-41cb-85cc-db68004738c6	a7da2892-344e-45af-a0a5-917612d8bd3b	59ca5373-da52-4571-bf1e-8792722e3e9c	2019-08-31 02:10:00+05:30	2019-08-31 03:20:00+05:30	t	2019-08-30 12:56:29.805+05:30	2019-08-30 12:56:29.805+05:30
9d1388f6-6bde-4681-8baa-cc819a55487a	4d6a1a56-5eff-41cb-85cc-db68004738c6	59ca5373-da52-4571-bf1e-8792722e3e9c	2bb0e4b8-27bd-41e2-9959-d91c31c6eb53	2019-08-31 03:25:00+05:30	2019-08-31 04:08:00+05:30	t	2019-08-30 12:56:29.824+05:30	2019-08-30 12:56:29.824+05:30
1ef54471-f26e-4501-8d32-b6a8f44a2af5	4d6a1a56-5eff-41cb-85cc-db68004738c6	2bb0e4b8-27bd-41e2-9959-d91c31c6eb53	72f2af55-9b93-4f21-b53a-c705789532c6	2019-08-31 04:10:00+05:30	2019-08-31 04:58:00+05:30	t	2019-08-30 12:56:29.843+05:30	2019-08-30 12:56:29.843+05:30
d61c30db-9b56-4804-889b-79c5d8c74eaf	4d6a1a56-5eff-41cb-85cc-db68004738c6	72f2af55-9b93-4f21-b53a-c705789532c6	38769de3-f2af-4d8b-9804-9a9ea0b2ab15	2019-08-31 05:00:00+05:30	2019-08-31 05:50:00+05:30	t	2019-08-30 12:56:29.864+05:30	2019-08-30 12:56:29.864+05:30
a8c91d4a-74c9-4a09-a56f-ec98bd732936	4d6a1a56-5eff-41cb-85cc-db68004738c6	38769de3-f2af-4d8b-9804-9a9ea0b2ab15	bcf42d17-0484-4d84-aae0-fe80aecdf3c8	2019-08-31 05:55:00+05:30	2019-08-31 08:00:00+05:30	t	2019-08-30 12:56:29.881+05:30	2019-08-30 12:56:29.881+05:30
579a5dc9-866e-4f30-9a73-175da3a96897	4d6a1a56-5eff-41cb-85cc-db68004738c6	bcf42d17-0484-4d84-aae0-fe80aecdf3c8	a4a8eb27-2641-4739-a04c-8d28a7040a52	2019-08-31 08:15:00+05:30	2019-08-31 09:45:00+05:30	t	2019-08-30 12:56:29.91+05:30	2019-08-30 12:56:29.91+05:30
086e1870-eb3f-4461-87d3-5f38489da5c0	4d6a1a56-5eff-41cb-85cc-db68004738c6	a4a8eb27-2641-4739-a04c-8d28a7040a52	a4a8eb27-2641-4739-a04c-8d28a7040a52	2019-08-31 09:45:00+05:30	2019-08-31 09:45:00+05:30	t	2019-08-30 12:56:29.937+05:30	2019-08-30 12:56:29.937+05:30
2ca43967-cbb4-401f-979f-8659eb66dcc1	4d6a1a56-5eff-41cb-85cc-db68004738c6	ccbaae15-1b4a-4136-980b-d2252b878cde	5ee2da1c-6a4a-4c9a-a2f2-8fa946f3c31b	2019-09-04 18:35:00+05:30	2019-09-04 18:43:00+05:30	t	2019-09-04 15:41:45.883+05:30	2019-09-04 15:41:45.883+05:30
932fec67-824e-4e09-ab9e-a244737f8fef	4d6a1a56-5eff-41cb-85cc-db68004738c6	5ee2da1c-6a4a-4c9a-a2f2-8fa946f3c31b	913aeb48-ef79-490a-8545-50108c9fc115	2019-09-04 18:45:00+05:30	2019-09-04 19:42:00+05:30	t	2019-09-04 15:41:45.94+05:30	2019-09-04 15:41:45.94+05:30
25892355-5f06-4ce8-81d9-6333522cc3e6	4d6a1a56-5eff-41cb-85cc-db68004738c6	913aeb48-ef79-490a-8545-50108c9fc115	c1c1217d-f873-4459-aba6-f037c1d6a45f	2019-09-04 19:45:00+05:30	2019-09-04 20:08:00+05:30	t	2019-09-04 15:41:45.957+05:30	2019-09-04 15:41:45.957+05:30
23ca0415-b05e-4820-8d81-da7e2cacba24	4d6a1a56-5eff-41cb-85cc-db68004738c6	c1c1217d-f873-4459-aba6-f037c1d6a45f	4c96d494-2610-4546-9062-677a054ce906	2019-09-04 20:10:00+05:30	2019-09-04 20:28:00+05:30	t	2019-09-04 15:41:45.973+05:30	2019-09-04 15:41:45.973+05:30
b3e77d48-5101-464b-a82d-083fb2dc95a4	4d6a1a56-5eff-41cb-85cc-db68004738c6	4c96d494-2610-4546-9062-677a054ce906	c866670d-2be3-4202-a498-de0c87843140	2019-09-04 20:30:00+05:30	2019-09-04 21:27:00+05:30	t	2019-09-04 15:41:45.989+05:30	2019-09-04 15:41:45.989+05:30
4340703a-5bb4-44eb-b349-c727333015c4	4d6a1a56-5eff-41cb-85cc-db68004738c6	c866670d-2be3-4202-a498-de0c87843140	c69b6344-d65d-4ba1-9ffb-e464f0e94dac	2019-09-04 21:30:00+05:30	2019-09-04 22:25:00+05:30	t	2019-09-04 15:41:46.006+05:30	2019-09-04 15:41:46.006+05:30
23e30790-cc15-4b72-a46a-26ef323abe62	4d6a1a56-5eff-41cb-85cc-db68004738c6	c69b6344-d65d-4ba1-9ffb-e464f0e94dac	92496e11-f96e-436c-99d5-c727488862c6	2019-09-04 22:30:00+05:30	2019-09-04 22:58:00+05:30	t	2019-09-04 15:41:46.033+05:30	2019-09-04 15:41:46.033+05:30
d35c8888-fec7-45b3-be6b-765f6788bcf0	4d6a1a56-5eff-41cb-85cc-db68004738c6	92496e11-f96e-436c-99d5-c727488862c6	3b869f23-d1c7-4868-b345-6bc702ebecd7	2019-09-04 23:00:00+05:30	2019-09-04 23:33:00+05:30	t	2019-09-04 15:41:46.065+05:30	2019-09-04 15:41:46.065+05:30
75133aea-4de0-42db-8e72-fb67d18efb3e	4d6a1a56-5eff-41cb-85cc-db68004738c6	3b869f23-d1c7-4868-b345-6bc702ebecd7	6192c99a-69de-4989-b810-b50a1aafd3ab	2019-09-04 23:35:00+05:30	2019-09-05 00:40:00+05:30	t	2019-09-04 15:41:46.085+05:30	2019-09-04 15:41:46.085+05:30
0ba389c4-91ea-4480-bcb1-b09371dc1a41	4d6a1a56-5eff-41cb-85cc-db68004738c6	6192c99a-69de-4989-b810-b50a1aafd3ab	80f01ae2-49ef-446b-9c93-f97d14cdfd0a	2019-09-05 00:45:00+05:30	2019-09-05 01:10:00+05:30	t	2019-09-04 15:41:46.108+05:30	2019-09-04 15:41:46.108+05:30
706092d1-cb32-41dc-9c95-89f26e8bea5d	4d6a1a56-5eff-41cb-85cc-db68004738c6	80f01ae2-49ef-446b-9c93-f97d14cdfd0a	a7da2892-344e-45af-a0a5-917612d8bd3b	2019-09-05 01:12:00+05:30	2019-09-05 02:08:00+05:30	t	2019-09-04 15:41:46.124+05:30	2019-09-04 15:41:46.124+05:30
6e8bea5b-2e46-46ff-95cf-a1409324d4ce	4d6a1a56-5eff-41cb-85cc-db68004738c6	a7da2892-344e-45af-a0a5-917612d8bd3b	59ca5373-da52-4571-bf1e-8792722e3e9c	2019-09-05 02:10:00+05:30	2019-09-05 03:20:00+05:30	t	2019-09-04 15:41:46.14+05:30	2019-09-04 15:41:46.14+05:30
8c77022e-17ed-4633-8dd0-e730e7a31683	4d6a1a56-5eff-41cb-85cc-db68004738c6	59ca5373-da52-4571-bf1e-8792722e3e9c	2bb0e4b8-27bd-41e2-9959-d91c31c6eb53	2019-09-05 03:25:00+05:30	2019-09-05 04:08:00+05:30	t	2019-09-04 15:41:46.156+05:30	2019-09-04 15:41:46.156+05:30
f49f5e1e-b03a-4572-8013-a6b3e22ae3cc	4d6a1a56-5eff-41cb-85cc-db68004738c6	2bb0e4b8-27bd-41e2-9959-d91c31c6eb53	72f2af55-9b93-4f21-b53a-c705789532c6	2019-09-05 04:10:00+05:30	2019-09-05 04:58:00+05:30	t	2019-09-04 15:41:46.174+05:30	2019-09-04 15:41:46.174+05:30
4ea2d36f-0d0c-4876-bb6e-20f3da43a34a	4d6a1a56-5eff-41cb-85cc-db68004738c6	72f2af55-9b93-4f21-b53a-c705789532c6	38769de3-f2af-4d8b-9804-9a9ea0b2ab15	2019-09-05 05:00:00+05:30	2019-09-05 05:50:00+05:30	t	2019-09-04 15:41:46.189+05:30	2019-09-04 15:41:46.189+05:30
b53cce03-1060-4677-920b-ca86e7535b33	4d6a1a56-5eff-41cb-85cc-db68004738c6	38769de3-f2af-4d8b-9804-9a9ea0b2ab15	bcf42d17-0484-4d84-aae0-fe80aecdf3c8	2019-09-05 05:55:00+05:30	2019-09-05 08:00:00+05:30	t	2019-09-04 15:41:46.206+05:30	2019-09-04 15:41:46.206+05:30
b03a8bb1-1174-47ea-bd58-68f6d71d393f	4d6a1a56-5eff-41cb-85cc-db68004738c6	bcf42d17-0484-4d84-aae0-fe80aecdf3c8	a4a8eb27-2641-4739-a04c-8d28a7040a52	2019-09-05 08:15:00+05:30	2019-09-05 09:45:00+05:30	t	2019-09-04 15:41:46.232+05:30	2019-09-04 15:41:46.232+05:30
951cae9d-aa41-4dd2-a07a-75f50bdf9a51	4d6a1a56-5eff-41cb-85cc-db68004738c6	a4a8eb27-2641-4739-a04c-8d28a7040a52	a4a8eb27-2641-4739-a04c-8d28a7040a52	2019-09-05 09:45:00+05:30	2019-09-05 09:45:00+05:30	t	2019-09-04 15:41:46.252+05:30	2019-09-04 15:41:46.252+05:30
e9c8f360-528e-44fc-8090-7b7f8c94c59a	67648a9a-5ef8-4e37-b2f8-b3dbe6197ac4	55d58ee4-d94c-45bc-ac34-b7bf9358f75c	a6e16b7d-f0f6-4f90-a5c0-2dd224f02646	2019-09-04 12:45:00+05:30	2019-09-04 13:02:00+05:30	t	2019-09-04 15:47:14.058+05:30	2019-09-04 15:47:14.058+05:30
e800b74c-d5c5-4bb3-a26c-3a60c21d222e	67648a9a-5ef8-4e37-b2f8-b3dbe6197ac4	a6e16b7d-f0f6-4f90-a5c0-2dd224f02646	fb19ec0b-0933-4166-90b8-1839f1a2bae8	2019-09-04 13:05:00+05:30	2019-09-04 14:38:00+05:30	t	2019-09-04 15:47:14.096+05:30	2019-09-04 15:47:14.096+05:30
2f199a24-907a-4d6e-8de8-83b84f3fc943	67648a9a-5ef8-4e37-b2f8-b3dbe6197ac4	fb19ec0b-0933-4166-90b8-1839f1a2bae8	cff9ab82-404e-4368-a2b8-e95e239550d6	2019-09-04 14:41:00+05:30	2019-09-04 15:24:00+05:30	t	2019-09-04 15:47:14.119+05:30	2019-09-04 15:47:14.119+05:30
13d5d50a-5ea1-412a-93a2-78609345c9ae	67648a9a-5ef8-4e37-b2f8-b3dbe6197ac4	cff9ab82-404e-4368-a2b8-e95e239550d6	5342f1ef-bf93-4df0-b1b5-8d0e5f86019c	2019-09-04 15:26:00+05:30	2019-09-04 16:04:00+05:30	t	2019-09-04 15:47:14.227+05:30	2019-09-04 15:47:14.227+05:30
a71de919-c315-4f4a-b938-fd3f3ba5ab97	67648a9a-5ef8-4e37-b2f8-b3dbe6197ac4	5342f1ef-bf93-4df0-b1b5-8d0e5f86019c	a4a8eb27-2641-4739-a04c-8d28a7040a52	2019-09-04 16:07:00+05:30	2019-09-04 17:25:00+05:30	t	2019-09-04 15:47:14.264+05:30	2019-09-04 15:47:14.264+05:30
17bd41fb-626b-4a54-81e4-c0036d8faec1	67648a9a-5ef8-4e37-b2f8-b3dbe6197ac4	a4a8eb27-2641-4739-a04c-8d28a7040a52	8a55b013-710e-4396-8e11-3cf9a2ab57ac	2019-09-04 17:30:00+05:30	2019-09-04 18:01:00+05:30	t	2019-09-04 15:47:14.288+05:30	2019-09-04 15:47:14.288+05:30
29e4a02b-c49f-481b-9458-ff091b14d251	67648a9a-5ef8-4e37-b2f8-b3dbe6197ac4	8a55b013-710e-4396-8e11-3cf9a2ab57ac	fd4223e5-6481-4fd6-9d58-9b1a3874dba6	2019-09-04 18:02:00+05:30	2019-09-04 18:17:00+05:30	t	2019-09-04 15:47:14.315+05:30	2019-09-04 15:47:14.315+05:30
1fe576ac-07ce-41aa-bac3-26d4433b3051	67648a9a-5ef8-4e37-b2f8-b3dbe6197ac4	fd4223e5-6481-4fd6-9d58-9b1a3874dba6	bcf42d17-0484-4d84-aae0-fe80aecdf3c8	2019-09-04 18:18:00+05:30	2019-09-04 18:56:00+05:30	t	2019-09-04 15:47:14.336+05:30	2019-09-04 15:47:14.336+05:30
d7127dcb-6b15-4e38-a365-02de8e146580	67648a9a-5ef8-4e37-b2f8-b3dbe6197ac4	bcf42d17-0484-4d84-aae0-fe80aecdf3c8	3a93ac8e-fafe-434a-928a-ffbf178f4241	2019-09-04 19:01:00+05:30	2019-09-04 19:29:00+05:30	t	2019-09-04 15:47:14.352+05:30	2019-09-04 15:47:14.352+05:30
662f574e-c786-4377-9e12-04b1662d53de	67648a9a-5ef8-4e37-b2f8-b3dbe6197ac4	3a93ac8e-fafe-434a-928a-ffbf178f4241	f4762903-53a6-41de-b7f2-f226e772fdb8	2019-09-04 19:31:00+05:30	2019-09-04 20:26:00+05:30	t	2019-09-04 15:47:14.369+05:30	2019-09-04 15:47:14.369+05:30
b31078f4-8c37-4bd0-a0e0-7018f7727d6f	67648a9a-5ef8-4e37-b2f8-b3dbe6197ac4	f4762903-53a6-41de-b7f2-f226e772fdb8	5e1ce8aa-a69b-4c4b-ab81-7f29ba66a34e	2019-09-04 20:28:00+05:30	2019-09-04 20:53:00+05:30	t	2019-09-04 15:47:14.385+05:30	2019-09-04 15:47:14.385+05:30
e4d250b1-8dd9-4baa-821d-3ca8426b015c	67648a9a-5ef8-4e37-b2f8-b3dbe6197ac4	5e1ce8aa-a69b-4c4b-ab81-7f29ba66a34e	0e55c273-f43d-4510-b969-133dbc350ea3	2019-09-04 20:55:00+05:30	2019-09-04 21:18:00+05:30	t	2019-09-04 15:47:14.402+05:30	2019-09-04 15:47:14.402+05:30
cfc33d60-0139-440f-b40b-ffd86fedfa22	67648a9a-5ef8-4e37-b2f8-b3dbe6197ac4	0e55c273-f43d-4510-b969-133dbc350ea3	4fcde471-b888-4798-899e-5ffc38a248c9	2019-09-04 21:20:00+05:30	2019-09-04 23:05:00+05:30	t	2019-09-04 15:47:14.418+05:30	2019-09-04 15:47:14.418+05:30
cdb52034-11d6-44ee-9aeb-628e6df7e0d4	67648a9a-5ef8-4e37-b2f8-b3dbe6197ac4	4fcde471-b888-4798-899e-5ffc38a248c9	00758704-00cc-4728-90f0-a017adc696bd	2019-09-04 23:10:00+05:30	2019-09-04 00:13:00+05:30	t	2019-09-04 15:47:14.437+05:30	2019-09-04 15:47:14.437+05:30
c5fdd93a-cfde-4b6b-8cd5-bb59ba4fb575	67648a9a-5ef8-4e37-b2f8-b3dbe6197ac4	00758704-00cc-4728-90f0-a017adc696bd	c27459d3-a528-43d0-bc12-0e7bf02f6ae1	2019-09-04 00:15:00+05:30	2019-09-05 01:09:00+05:30	t	2019-09-04 15:47:14.452+05:30	2019-09-04 15:47:14.452+05:30
c241ac8a-5567-438f-8c99-953b4b76eb92	67648a9a-5ef8-4e37-b2f8-b3dbe6197ac4	c27459d3-a528-43d0-bc12-0e7bf02f6ae1	d0f35280-a35f-48ed-a2e9-e0837e209265	2019-09-05 01:12:00+05:30	2019-09-05 01:47:00+05:30	t	2019-09-04 15:47:14.468+05:30	2019-09-04 15:47:14.468+05:30
5a3eaa4d-dcd7-4b2a-820e-8c3cb9685615	67648a9a-5ef8-4e37-b2f8-b3dbe6197ac4	d0f35280-a35f-48ed-a2e9-e0837e209265	592ec13f-277e-4a19-a025-c4e5e5423be6	2019-09-05 01:49:00+05:30	2019-09-05 02:02:00+05:30	t	2019-09-04 15:47:14.489+05:30	2019-09-04 15:47:14.489+05:30
6545c1ce-5619-4ea8-ae6e-b0c045576dcc	67648a9a-5ef8-4e37-b2f8-b3dbe6197ac4	592ec13f-277e-4a19-a025-c4e5e5423be6	6ac656a2-bab9-4ca5-bde7-62e812b18818	2019-09-05 02:07:00+05:30	2019-09-05 02:40:00+05:30	t	2019-09-04 15:47:14.512+05:30	2019-09-04 15:47:14.512+05:30
f59ad50c-6799-4340-83ed-efad99605758	67648a9a-5ef8-4e37-b2f8-b3dbe6197ac4	6ac656a2-bab9-4ca5-bde7-62e812b18818	0674ac5c-3f90-4353-9207-acb95c2d4686	2019-09-05 02:41:00+05:30	2019-09-05 02:55:00+05:30	t	2019-09-04 15:47:14.537+05:30	2019-09-04 15:47:14.537+05:30
18242de0-f91d-4cda-9e05-7c5d8f9d0466	67648a9a-5ef8-4e37-b2f8-b3dbe6197ac4	0674ac5c-3f90-4353-9207-acb95c2d4686	a6df6bf5-d401-452b-8491-d9db10825c26	2019-09-05 02:56:00+05:30	2019-09-05 03:05:00+05:30	t	2019-09-04 15:47:14.565+05:30	2019-09-04 15:47:14.565+05:30
450d1e03-9749-4c41-9b95-b9db7d5426b8	67648a9a-5ef8-4e37-b2f8-b3dbe6197ac4	a6df6bf5-d401-452b-8491-d9db10825c26	e8ce115c-58e8-4b8c-8fb0-e19a3ee35e1b	2019-09-05 03:06:00+05:30	2019-09-05 03:29:00+05:30	t	2019-09-04 15:47:14.586+05:30	2019-09-04 15:47:14.586+05:30
2dbee283-edcd-45bc-8647-757c41fba522	67648a9a-5ef8-4e37-b2f8-b3dbe6197ac4	e8ce115c-58e8-4b8c-8fb0-e19a3ee35e1b	f753475e-2087-4a48-a5e6-84366061d44d	2019-09-05 03:30:00+05:30	2019-09-05 04:19:00+05:30	t	2019-09-04 15:47:14.603+05:30	2019-09-04 15:47:14.603+05:30
bfe85d45-8109-40c8-8597-f924e3b45a68	67648a9a-5ef8-4e37-b2f8-b3dbe6197ac4	f753475e-2087-4a48-a5e6-84366061d44d	f9ca4063-6528-4db0-a918-e463d2959dc1	2019-09-05 04:21:00+05:30	2019-09-05 05:21:00+05:30	t	2019-09-04 15:47:14.621+05:30	2019-09-04 15:47:14.621+05:30
a2bf002e-c73b-473e-94b8-28229d9843a4	67648a9a-5ef8-4e37-b2f8-b3dbe6197ac4	f9ca4063-6528-4db0-a918-e463d2959dc1	048d7684-22be-4c4b-9288-8f1dbc4a47ef	2019-09-05 05:22:00+05:30	2019-09-05 05:35:00+05:30	t	2019-09-04 15:47:14.635+05:30	2019-09-04 15:47:14.635+05:30
9142f614-8f29-4335-a67f-3012d63cf9e1	67648a9a-5ef8-4e37-b2f8-b3dbe6197ac4	048d7684-22be-4c4b-9288-8f1dbc4a47ef	92ee104a-27c8-426d-96a4-53f845fb0991	2019-09-05 05:36:00+05:30	2019-09-05 06:07:00+05:30	t	2019-09-04 15:47:14.653+05:30	2019-09-04 15:47:14.653+05:30
9bc6c5cc-9108-4e7e-8382-f841092ca16f	67648a9a-5ef8-4e37-b2f8-b3dbe6197ac4	92ee104a-27c8-426d-96a4-53f845fb0991	92ee104a-27c8-426d-96a4-53f845fb0991	2019-09-05 06:07:00+05:30	2019-09-05 06:07:00+05:30	t	2019-09-04 15:47:14.669+05:30	2019-09-04 15:47:14.669+05:30
\.


--
-- Data for Name: trains; Type: TABLE DATA; Schema: public; Owner: saucr16
--

COPY public.trains (id, "trainNo", name, "isActive", "createdAt", "updatedAt") FROM stdin;
37f59dc0-ab2d-4e5f-91b3-ea4115915616	11112	Vidharbha express	t	2019-09-03 13:07:08.244+05:30	2019-09-03 13:07:08.244+05:30
95bd8b95-166f-485d-bb0f-6135a13aeea9	11212	Vidharbha	t	2019-09-03 17:27:20.009+05:30	2019-09-03 17:27:20.009+05:30
4d6a1a56-5eff-41cb-85cc-db68004738c6	12136	NAGPUR-PUNE EXPRESS	t	2019-08-28 21:22:01.866+05:30	2019-09-03 17:54:35.507+05:30
67648a9a-5ef8-4e37-b2f8-b3dbe6197ac4	17031	Hyderabad	t	2019-08-28 21:22:21.102+05:30	2019-09-03 17:56:41.535+05:30
e495bd72-8bac-4d7a-9832-73412b7fd9ab	11111	Vidharbha	t	2019-09-03 13:06:36.158+05:30	2019-09-03 18:44:27.238+05:30
\.


--
-- Data for Name: users; Type: TABLE DATA; Schema: public; Owner: saucr16
--

COPY public.users (id, name, email, "mobileNo", password, key, "eKey", "isActive", "createdAt", "updatedAt") FROM stdin;
45dcc820-adf1-4bef-bd6d-2ffff769b6f9	Akshay Kumar Sharma	123456@xyz.com	1232222336	\N	\N	\N	t	2019-08-29 19:15:32.726+05:30	2019-09-04 13:14:48.915+05:30
b58c9b76-8cdb-4053-a746-b6431b94491f	opp	opkl@m.com	8927091904	\N	\N	\N	t	2019-09-04 13:24:35.306+05:30	2019-09-04 13:24:35.306+05:30
4085925a-379b-48db-81fc-4f14cc2d9303	AKSHAY SHARMA	akshay.sharma@viit.ac.in	\N	\N	\N	\N	t	2019-08-28 21:30:19.988+05:30	2019-08-28 21:30:19.988+05:30
265c3820-07d6-47db-8abf-072063cb5282	akshay sharma	testmailakshay@gmail.com	\N	\N	\N	\N	t	2019-08-28 21:31:23.997+05:30	2019-08-28 21:31:23.997+05:30
01b0cdc7-f056-4eed-ae27-d3a1dd4f8fb4	Akash Pande	apande@techracers.io	\N	\N	\N	\N	t	2019-08-28 21:32:29.268+05:30	2019-08-28 21:32:29.268+05:30
94eda66f-1dbe-40e5-b0c6-3d2003df0eea	Mohit68	mt8@io.co	6337893839	\N	\N	\N	t	2019-09-04 14:00:47.308+05:30	2019-09-04 14:00:47.308+05:30
6f59882c-cf1f-4388-87d3-d69dff06fbb2	Akshay Kumar Sharma	akzarma33@gmail.com	8559973822	$2b$10$CK5mMjkEM8s/LZjMt/ihgO1So0TBLQdfaDZR6TU8MgVSqEmw4ifI2	1689	\N	t	2019-08-28 22:41:24.82+05:30	2019-08-28 22:41:35.879+05:30
bd686a86-669f-43e0-b5ca-3cb5932d45f8	qwertyuiop	dfg@gmail.com	9422237894	\N	\N	\N	t	2019-08-28 22:47:38.146+05:30	2019-08-28 22:47:38.146+05:30
cb64d011-41ef-407b-8768-876803046e53	bhau bhau	asdfgh@gmail.com	1478523698	\N	\N	\N	t	2019-08-28 23:00:10.775+05:30	2019-08-28 23:00:10.775+05:30
613572ff-2266-49fd-af17-20cf89344cba	chota rajan	chota@gmail.com	1234567894	\N	\N	\N	t	2019-08-28 23:01:01.395+05:30	2019-08-28 23:01:01.395+05:30
f75fd3e9-102e-4d1d-af5e-2c0a08e08f78	Saurabh	12@gmail.com	7896547894	\N	\N	\N	t	2019-08-28 23:01:58.241+05:30	2019-08-28 23:01:58.241+05:30
55552af3-0a29-4247-a4d8-526927e2756a	Rohit	rohit@gmail.com	8171981398	\N	\N	\N	t	2019-08-29 14:45:28.181+05:30	2019-08-30 13:56:27.042+05:30
009629b5-fa32-4368-8994-1f43ebc186c1	User2	user2@gmail.com	6985489490	\N	\N	\N	t	2019-08-28 22:07:26.833+05:30	2019-08-28 22:07:50.587+05:30
94c3ba36-7be7-4a16-8be5-0701f1c0235f	Saurabh 	saurabhjadhav69@gmail.com	9632587410	\N	\N	\N	t	2019-08-28 22:09:53.248+05:30	2019-08-28 22:09:53.248+05:30
9b536498-1828-4880-9850-46fe1412a4c9	Akshay Kumar Sharma	akzarma1@gmail.com	8559972821	$2b$10$2Lw2kPdfTw0jN4KeTuOZpOU3.8/eglmQgLXxPP6y3ZJxSh18SyS1a	9074	\N	t	2019-08-28 22:11:43.967+05:30	2019-08-28 22:11:43.967+05:30
ef5e2127-9c25-4e09-971b-af27912a3f23	bhau	zsxcbhau@gmail.com	1234567890	\N	\N	\N	t	2019-08-28 22:27:59.21+05:30	2019-08-28 22:27:59.21+05:30
4d78675c-4a6d-4c6e-bbc5-f2f51aec2acf	Akshay Kumar Sharma	akzarma4@gmail.com	8559972844	$2b$10$fLLrGz/mQOVEOzbKTmKm7OKIAkLKb/Fna8AAAIdTg.c5ZyoJ4SIKG	0001	\N	t	2019-08-28 22:28:30.554+05:30	2019-08-28 22:28:30.554+05:30
1525a613-01e2-42e5-9e69-6b020a3c676d	Akshay Kumar Sharma	akzarma5@gmail.com	8559972825	$2b$10$KhJe1AGa1HUanKWnBwquP.hIKqq1iflIeyK0ErXfLi4ugCtrTRXt2	8385	\N	t	2019-08-28 22:29:23.183+05:30	2019-08-28 22:29:23.183+05:30
9c90f6d8-2e1a-4e9f-a3b0-39ccd365c950	Akshay Kumar Sharma	akzarma66@gmail.com	8559972826	$2b$10$poethc7l5854ujZa9V2KSOePoXwBUCHtplTQOAt6qnccPhwfVE10y	6956	\N	t	2019-08-28 22:31:08.114+05:30	2019-08-28 22:31:10.982+05:30
167867dc-91b8-4918-bfe5-fdcd5115bd31	Akshay Kumar Sharma	akzarma0@gmail.com	8559972722	$2b$10$lWGlAxaeUmtnIkJQzP9ige84asslGpG6HtPZgYpRb15ud6DxfakfC	2148	\N	t	2019-08-28 22:39:03.946+05:30	2019-08-28 22:39:56.179+05:30
24af8753-55ce-4a6f-b136-65989057ca67	Prefid	prefid@gmail.com	7898797676	\N	\N	\N	t	2019-08-29 13:09:40.065+05:30	2019-08-29 13:11:07.393+05:30
b6428883-2e23-4fa1-9d19-044c61991e45	kamesh4	kamesh4@gmail.com	4444444444	\N	\N	\N	t	2019-08-29 10:57:03.346+05:30	2019-08-29 11:07:44.503+05:30
9f70b935-59ee-43b3-8754-e4edc55ea761	Ramesh33	ramesh33@gmail.com	8917901890	\N	\N	\N	t	2019-08-29 11:09:00.543+05:30	2019-08-29 11:10:53.54+05:30
987f8b6d-b2e1-4b3f-8d43-bd7d294ef8ea	Lokesh Patil	lpatil@techracers.iom	8593948499	\N	\N	\N	t	2019-08-29 13:31:41.477+05:30	2019-08-29 13:32:11.615+05:30
2e1d3c89-adba-4a1a-acd7-46d68f8726db	Mohit Chaudhari	mohit@gmail.com	6165187190	\N	\N	\N	t	2019-08-29 12:16:25.715+05:30	2019-08-29 12:21:11.037+05:30
4ee93a70-e8d3-4147-a7b6-f8907ed42d03	Don bro	123@qwert.com	7890654321	\N	\N	\N	t	2019-08-29 12:29:41.014+05:30	2019-08-29 12:29:41.014+05:30
751ea802-a201-4032-a48c-a38106862768	Prathamesh	prathamesh@gmail.com	76389782	\N	\N	\N	t	2019-08-29 12:51:38.502+05:30	2019-08-29 12:51:38.502+05:30
b21a6e9f-8cc2-4bba-a25b-3a29a712dde6	Pikachu	ash@gmail.com	83093	\N	\N	\N	t	2019-08-29 12:52:58.319+05:30	2019-08-29 12:52:58.319+05:30
b0cc56d0-97d3-4810-afe7-eb3cacde2d1a	Naruto	naruto@gmail.com	68980909	\N	\N	\N	t	2019-08-29 12:56:13.362+05:30	2019-08-29 12:56:13.362+05:30
de3ce25f-417d-4384-b8d9-396b669a79b2	Akshay Kumar Sharma	akzarmra@gmail.com	8559572822	$2b$10$UEIXMiMRQPWkbVGYFRBtJuLnT6OnC.hY61x2fl1bvB/9LF6ufSlf2	4624	\N	t	2019-08-29 17:42:51.136+05:30	2019-08-29 17:42:51.136+05:30
7f091f5e-1be6-4580-88c0-8216221a1776	PLUTO URANUS	pluto@gmail.com	7843939438	\N	\N	\N	t	2019-08-29 13:18:27.362+05:30	2019-09-03 19:37:39.549+05:30
029d212b-6f4d-4189-b51f-6a7a3f3f3049	1 bhau	leloyaar@gmail.com	2345678901	\N	\N	\N	t	2019-08-29 13:35:55.006+05:30	2019-08-29 13:35:55.006+05:30
583f8e42-d03c-4e10-aa1c-b0c36ba6c6ae	lo	lo@gmail.com	990989012	\N	\N	\N	t	2019-08-29 13:41:10.543+05:30	2019-08-29 13:41:10.543+05:30
bf4a6836-e171-4347-9bdd-630565136826	Operations 	op3@gmail.com	7638289279	\N	\N	\N	t	2019-08-29 13:00:28.679+05:30	2019-08-29 13:04:49.887+05:30
3ff09e98-3789-4e4c-a7aa-c66c73c9fb1d	PUNE NAGPUR EXPRESS	leloyaaqr@gmail.com	1212121212	\N	\N	\N	t	2019-08-29 13:46:16.522+05:30	2019-08-29 13:46:16.522+05:30
a20e8b31-1a20-42e1-8845-5b3770732ed1	Saurabh Lodha	saurabhlodha0@gmail.com	8275273559	$2b$10$i12iDbZ7kR7sbhK.W.1RAe2loDqV/ZoYugOQDByNjFKg7MJ5.J1Xq	1326	\N	t	2019-08-28 22:03:37.29+05:30	2019-08-29 15:56:49.067+05:30
d3c4341a-04f1-454c-a02b-841acf223d11	Akshay Kumar Sharma	1234@gmail.com	7666768449	\N	\N	\N	t	2019-08-29 12:37:58.262+05:30	2019-08-29 15:57:37.216+05:30
f33604f6-2239-4221-a787-3c016febbe1a	Durgesh	drg@gmail.com	7846289273	\N	\N	\N	t	2019-08-29 18:53:13.467+05:30	2019-08-29 18:53:13.467+05:30
9655f828-a16c-4929-ac57-954bf89de411	Final receiver3	finalk3@gmail.com	1786278213	\N	\N	\N	t	2019-08-29 16:47:42.371+05:30	2019-08-29 16:48:33.174+05:30
bf3a3815-4054-42c0-83fd-d128e68c6965	Earth	earth@gmail.com	1343124564	\N	\N	\N	t	2019-08-29 19:04:39.048+05:30	2019-08-29 19:04:39.048+05:30
6ab11c80-1df2-4362-ab51-5b72bf692111	Akshay Kumar Sharma	akzarma77@gmail.com	7559972827	$2b$10$chYT.zVhdaKALfzxSxMqM.sdbX0IL4.wa1pymChetITRjdK3jQ7Ni	9970	\N	t	2019-08-30 12:30:08.296+05:30	2019-08-30 12:30:08.296+05:30
2580f987-c07a-49c3-9411-52fde98e7020	Manas	manas@gmail.com	8731920838	\N	\N	\N	t	2019-08-30 12:46:19.051+05:30	2019-08-30 12:47:09.121+05:30
f0281582-75ce-48bd-82f9-b661dafdfc00	Saurabh Lodha	slodha@techracers.io	\N	\N	\N	\N	t	2019-08-29 20:32:32.667+05:30	2019-08-29 20:32:32.667+05:30
bb20c628-ff82-4782-8722-eded4d9da739	Ashwin	ashwin@gmail.com	7127162712	\N	\N	\N	t	2019-08-29 15:06:44.958+05:30	2019-08-30 13:57:17.566+05:30
28409486-9cc7-4c66-8e26-0111e7ae936d	Akash Pande	aktest@gmail.com	8983220536	$2b$10$ReG7Aow6snw/cnkDoYWsRueiDLLuHeSkkMTMo49UPIimfQko9BRli	1061	\N	t	2019-08-28 22:02:32.93+05:30	2019-08-30 14:21:06.556+05:30
a6890863-8b14-49b7-bd12-00900b6f6267	Lokesh Patil	lpatil@techracers.io	7057487629	$2b$10$iFEHG3zK/OP3CtCBAVHnxuE1tpDM0OcztOjSoi73GLxQ0qGENN.GS	1075	\N	t	2019-08-29 17:33:40.958+05:30	2019-08-30 12:58:15.422+05:30
5477f2d3-0e8e-46de-9f7b-67a7e2fd3fee	Akshay Kumar Sharma	akzarma@gmail.com	8559972822	$2b$10$YcKgXex7azCAFUQpdNrJbeB.U90xfzAolY6jYj8MUMsji.C4zhoVm	0251	\N	t	2019-08-28 21:58:44.9+05:30	2019-08-30 13:08:39.812+05:30
30b21012-a9ba-4f53-8874-0f00cada7eff	User 7	user7@gmail.com	7136183787	\N	\N	\N	t	2019-08-30 15:01:34.232+05:30	2019-08-30 15:16:38.231+05:30
ca09aa56-1c63-4903-9ef1-25c7065f276e	postgres56	postgres56@gmail.com	7878681397	\N	\N	\N	t	2019-09-03 14:52:40.769+05:30	2019-09-03 14:57:29.7+05:30
de37cdd7-2208-4bf0-b816-01ed7d3e507e	iopy	iopy@gmail.com	5116171872	\N	\N	\N	t	2019-09-03 20:31:22.678+05:30	2019-09-03 20:31:57.611+05:30
e36150f8-d370-46fb-b170-195329715214	test@123	test@test.com	8559972843	$2b$10$DTAW8x./ZkpiN6h0Qjfhi.0cnX7Ay4ybultzTQGMyS/hVkvoxHDq.	2154	\N	t	2019-08-29 12:18:37.816+05:30	2019-09-03 18:01:14.306+05:30
6a7fc84a-8701-4eb0-9de6-ef6338747910	suraj08	suraj08@gmail.com	1111111112	\N	\N	\N	t	2019-09-03 14:58:44.121+05:30	2019-09-03 17:39:02.52+05:30
9304e203-2784-488d-8f0e-dbb106ceb309	User	user@gmail.com	7489384354	\N	\N	\N	t	2019-08-29 17:40:30.955+05:30	2019-09-03 19:39:59.835+05:30
b90ed56f-5333-49e0-93c3-d58189eaf2d9	a	a@gmail.com	2302090922	\N	\N	\N	t	2019-09-03 20:28:17.7+05:30	2019-09-03 20:28:17.7+05:30
9f392d83-0cc0-4ee8-8fbb-09e1205e461c	Akshay789	akr789@mu.com	8990977888	\N	\N	\N	t	2019-09-03 20:54:34.349+05:30	2019-09-03 20:55:53.494+05:30
bd814f31-bdf6-49a1-90f2-97fee4c85548	Lokesh	lp1@techracers.io	6725782727	$2b$10$DUrbRWzG9.VuuG/mkFSwIuLa4rp47xx0uNbEyiyWrGVpoq2rPJA8C	4751	\N	t	2019-09-04 11:20:56.477+05:30	2019-09-04 11:20:56.477+05:30
1f87f73b-413a-4289-8d06-beb1a798fccd	Akshay Kumar Sharma	akzarma222@gmail.com	8554972825	$2b$10$KP.bg2P9783DdJzk4JES4eTA5A6DmFnitIhA7bfm1R.lSJub2hDf.	9650	\N	t	2019-09-04 11:53:16.037+05:30	2019-09-04 11:53:16.037+05:30
682f9b32-982a-4a53-bd17-d947d3a938b3	Lp5	lp5@gmail.com	25826289	\N	\N	\N	t	2019-09-04 13:01:54.527+05:30	2019-09-04 13:01:54.527+05:30
7e2f011b-0729-490c-be8a-ebfadea24f4b	Dexter Davis	akzarma78@gmail.com	8579972822	$2b$10$u7J7V0yCzxlZdxK8SGIhQuliwrRtx/V5bRaHqqEAqHyFLBoksfFOm	8474	\N	t	2019-09-04 13:03:10.815+05:30	2019-09-04 13:03:10.815+05:30
ecd49f08-890d-48de-a030-0a062321d6f4	kl	kl@io.co	6219819189	\N	\N	\N	t	2019-09-04 13:33:02.124+05:30	2019-09-04 13:33:02.124+05:30
5ee08896-90da-4658-b9e1-26c34324bef8	Iopt	iop@io.comt	8728666666	\N	\N	\N	t	2019-09-04 13:34:42.716+05:30	2019-09-04 13:56:01.985+05:30
3d3963da-aceb-4c0f-8778-8117aba02c32	qaz thn	akzarm1@gmail.com	8559975422	$2b$10$gGdfWRmYvHklnIPUJIZSaeTpR4nWEjJZP7OWj5UPhQ/IQOXHzGe6m	2333	\N	t	2019-09-04 13:05:09.985+05:30	2019-09-04 13:56:14.649+05:30
206e09d6-29fd-4843-84be-0a3f65bb698c	klop3	klop@nmn.com3	8273829083	\N	\N	\N	t	2019-09-04 13:56:40.466+05:30	2019-09-04 13:57:13.111+05:30
f8e524bc-fa2a-4b99-a174-0f89f2657911	ms	mnb@m.co	1215646514	\N	\N	\N	t	2019-09-04 15:14:32.744+05:30	2019-09-04 15:14:53.548+05:30
1b2382f4-9188-4f22-bfaa-e3e83f834d01	Dev	dlw@gmail.com	2192918980	\N	\N	\N	t	2019-09-04 17:04:56.575+05:30	2019-09-04 17:06:17.46+05:30
\.


--
-- Name: packages_serial_no_seq; Type: SEQUENCE SET; Schema: public; Owner: saucr16
--

SELECT pg_catalog.setval('public.packages_serial_no_seq', 81, true);


--
-- Name: SequelizeMeta SequelizeMeta_pkey; Type: CONSTRAINT; Schema: public; Owner: saucr16
--

ALTER TABLE ONLY public."SequelizeMeta"
    ADD CONSTRAINT "SequelizeMeta_pkey" PRIMARY KEY (name);


--
-- Name: cities cities_name_key; Type: CONSTRAINT; Schema: public; Owner: saucr16
--

ALTER TABLE ONLY public.cities
    ADD CONSTRAINT cities_name_key UNIQUE (name);


--
-- Name: cities cities_pkey; Type: CONSTRAINT; Schema: public; Owner: saucr16
--

ALTER TABLE ONLY public.cities
    ADD CONSTRAINT cities_pkey PRIMARY KEY (id);


--
-- Name: offices offices_pkey; Type: CONSTRAINT; Schema: public; Owner: saucr16
--

ALTER TABLE ONLY public.offices
    ADD CONSTRAINT offices_pkey PRIMARY KEY (id);


--
-- Name: packages packages_pkey; Type: CONSTRAINT; Schema: public; Owner: saucr16
--

ALTER TABLE ONLY public.packages
    ADD CONSTRAINT packages_pkey PRIMARY KEY (id);


--
-- Name: packages packages_serial_no_key; Type: CONSTRAINT; Schema: public; Owner: saucr16
--

ALTER TABLE ONLY public.packages
    ADD CONSTRAINT packages_serial_no_key UNIQUE (serial_no);


--
-- Name: receipts receipts_pkey; Type: CONSTRAINT; Schema: public; Owner: saucr16
--

ALTER TABLE ONLY public.receipts
    ADD CONSTRAINT receipts_pkey PRIMARY KEY (id);


--
-- Name: roleAssigns roleAssigns_pkey; Type: CONSTRAINT; Schema: public; Owner: saucr16
--

ALTER TABLE ONLY public."roleAssigns"
    ADD CONSTRAINT "roleAssigns_pkey" PRIMARY KEY (id);


--
-- Name: roles roles_pkey; Type: CONSTRAINT; Schema: public; Owner: saucr16
--

ALTER TABLE ONLY public.roles
    ADD CONSTRAINT roles_pkey PRIMARY KEY (id);


--
-- Name: statuses statuses_pkey; Type: CONSTRAINT; Schema: public; Owner: saucr16
--

ALTER TABLE ONLY public.statuses
    ADD CONSTRAINT statuses_pkey PRIMARY KEY (id);


--
-- Name: trainStatuses trainStatuses_pkey; Type: CONSTRAINT; Schema: public; Owner: saucr16
--

ALTER TABLE ONLY public."trainStatuses"
    ADD CONSTRAINT "trainStatuses_pkey" PRIMARY KEY (id);


--
-- Name: trains trains_pkey; Type: CONSTRAINT; Schema: public; Owner: saucr16
--

ALTER TABLE ONLY public.trains
    ADD CONSTRAINT trains_pkey PRIMARY KEY (id);


--
-- Name: users users_email_key; Type: CONSTRAINT; Schema: public; Owner: saucr16
--

ALTER TABLE ONLY public.users
    ADD CONSTRAINT users_email_key UNIQUE (email);


--
-- Name: users users_mobileNo_key; Type: CONSTRAINT; Schema: public; Owner: saucr16
--

ALTER TABLE ONLY public.users
    ADD CONSTRAINT "users_mobileNo_key" UNIQUE ("mobileNo");


--
-- Name: users users_pkey; Type: CONSTRAINT; Schema: public; Owner: saucr16
--

ALTER TABLE ONLY public.users
    ADD CONSTRAINT users_pkey PRIMARY KEY (id);


--
-- Name: offices offices_cityId_fkey; Type: FK CONSTRAINT; Schema: public; Owner: saucr16
--

ALTER TABLE ONLY public.offices
    ADD CONSTRAINT "offices_cityId_fkey" FOREIGN KEY ("cityId") REFERENCES public.cities(id) ON UPDATE CASCADE ON DELETE CASCADE;


--
-- Name: offices offices_userId_fkey; Type: FK CONSTRAINT; Schema: public; Owner: saucr16
--

ALTER TABLE ONLY public.offices
    ADD CONSTRAINT "offices_userId_fkey" FOREIGN KEY ("userId") REFERENCES public.users(id) ON UPDATE CASCADE;


--
-- Name: packages packages_dCity_fkey; Type: FK CONSTRAINT; Schema: public; Owner: saucr16
--

ALTER TABLE ONLY public.packages
    ADD CONSTRAINT "packages_dCity_fkey" FOREIGN KEY ("dCity") REFERENCES public.cities(id) ON UPDATE CASCADE ON DELETE CASCADE;


--
-- Name: packages packages_rcvrUserId_fkey; Type: FK CONSTRAINT; Schema: public; Owner: saucr16
--

ALTER TABLE ONLY public.packages
    ADD CONSTRAINT "packages_rcvrUserId_fkey" FOREIGN KEY ("rcvrUserId") REFERENCES public.users(id) ON UPDATE CASCADE;


--
-- Name: packages packages_sCity_fkey; Type: FK CONSTRAINT; Schema: public; Owner: saucr16
--

ALTER TABLE ONLY public.packages
    ADD CONSTRAINT "packages_sCity_fkey" FOREIGN KEY ("sCity") REFERENCES public.cities(id) ON UPDATE CASCADE ON DELETE CASCADE;


--
-- Name: packages packages_senderUserId_fkey; Type: FK CONSTRAINT; Schema: public; Owner: saucr16
--

ALTER TABLE ONLY public.packages
    ADD CONSTRAINT "packages_senderUserId_fkey" FOREIGN KEY ("senderUserId") REFERENCES public.users(id) ON UPDATE CASCADE;


--
-- Name: packages packages_statusId_fkey; Type: FK CONSTRAINT; Schema: public; Owner: saucr16
--

ALTER TABLE ONLY public.packages
    ADD CONSTRAINT "packages_statusId_fkey" FOREIGN KEY ("statusId") REFERENCES public.statuses(id) ON UPDATE CASCADE;


--
-- Name: packages packages_trainId_fkey; Type: FK CONSTRAINT; Schema: public; Owner: saucr16
--

ALTER TABLE ONLY public.packages
    ADD CONSTRAINT "packages_trainId_fkey" FOREIGN KEY ("trainId") REFERENCES public.trains(id) ON UPDATE CASCADE ON DELETE SET NULL;


--
-- Name: receipts receipts_packageId_fkey; Type: FK CONSTRAINT; Schema: public; Owner: saucr16
--

ALTER TABLE ONLY public.receipts
    ADD CONSTRAINT "receipts_packageId_fkey" FOREIGN KEY ("packageId") REFERENCES public.packages(id) ON UPDATE CASCADE ON DELETE CASCADE;


--
-- Name: receipts receipts_userId_fkey; Type: FK CONSTRAINT; Schema: public; Owner: saucr16
--

ALTER TABLE ONLY public.receipts
    ADD CONSTRAINT "receipts_userId_fkey" FOREIGN KEY ("userId") REFERENCES public.users(id) ON UPDATE CASCADE ON DELETE SET NULL;


--
-- Name: roleAssigns roleAssigns_roleId_fkey; Type: FK CONSTRAINT; Schema: public; Owner: saucr16
--

ALTER TABLE ONLY public."roleAssigns"
    ADD CONSTRAINT "roleAssigns_roleId_fkey" FOREIGN KEY ("roleId") REFERENCES public.roles(id) ON UPDATE CASCADE ON DELETE CASCADE;


--
-- Name: roleAssigns roleAssigns_userId_fkey; Type: FK CONSTRAINT; Schema: public; Owner: saucr16
--

ALTER TABLE ONLY public."roleAssigns"
    ADD CONSTRAINT "roleAssigns_userId_fkey" FOREIGN KEY ("userId") REFERENCES public.users(id) ON UPDATE CASCADE;


--
-- Name: trainStatuses trainStatuses_dCity_fkey; Type: FK CONSTRAINT; Schema: public; Owner: saucr16
--

ALTER TABLE ONLY public."trainStatuses"
    ADD CONSTRAINT "trainStatuses_dCity_fkey" FOREIGN KEY ("dCity") REFERENCES public.cities(id) ON UPDATE CASCADE ON DELETE CASCADE;


--
-- Name: trainStatuses trainStatuses_sCity_fkey; Type: FK CONSTRAINT; Schema: public; Owner: saucr16
--

ALTER TABLE ONLY public."trainStatuses"
    ADD CONSTRAINT "trainStatuses_sCity_fkey" FOREIGN KEY ("sCity") REFERENCES public.cities(id) ON UPDATE CASCADE ON DELETE CASCADE;


--
-- Name: trainStatuses trainStatuses_trainId_fkey; Type: FK CONSTRAINT; Schema: public; Owner: saucr16
--

ALTER TABLE ONLY public."trainStatuses"
    ADD CONSTRAINT "trainStatuses_trainId_fkey" FOREIGN KEY ("trainId") REFERENCES public.trains(id) ON UPDATE CASCADE ON DELETE CASCADE;


--
-- Name: SCHEMA public; Type: ACL; Schema: -; Owner: postgres
--

REVOKE ALL ON SCHEMA public FROM PUBLIC;
REVOKE ALL ON SCHEMA public FROM postgres;
GRANT ALL ON SCHEMA public TO postgres;
GRANT ALL ON SCHEMA public TO PUBLIC;


--
-- PostgreSQL database dump complete
--

